type,vertex_count,block_count,eigenvector_fp,eigenvector_energy,half_fp,half_energy
SBM,50,2,1,0.19428571428571428,0,0.1893877551020408
SBM,50,3,23,0.1453900709219858,24,0.14184397163120568
SBM,50,5,0,0.15510204081632653,8,0.15346938775510205
SBM,100,2,0,0.24202020202020202,0,0.2412121212121212
SBM,100,3,1,0.19748505462791177,0,0.20449391877963308
SBM,100,5,0,0.19595959595959597,3,0.19797979797979798
SBM,150,2,0,0.26791946308724834,0,0.26559284116331094
SBM,150,3,1,0.24053691275167785,0,0.2392841163310962
SBM,150,5,0,0.21941834451901565,0,0.2156599552572707
SBM,50,2,0,0.19755102040816327,0,0.18775510204081633
SBM,50,3,0,0.14716312056737588,0,0.18085106382978725
SBM,50,5,2,0.1469387755102041,1,0.15346938775510205
SBM,100,2,4,0.24363636363636362,1,0.2549494949494949
SBM,100,3,6,0.209853638425067,0,0.20037105751391465
SBM,100,5,0,0.19474747474747475,2,0.19555555555555557
SBM,150,2,1,0.2614765100671141,0,0.2607606263982103
SBM,150,3,2,0.24501118568232663,0,0.2269351230425056
SBM,150,5,0,0.21888143176733782,1,0.21476510067114093
SBM,50,2,0,0.2546938775510204,1,0.23183673469387756
SBM,50,3,4,0.18262411347517732,1,0.19148936170212766
SBM,50,5,4,0.16326530612244897,2,0.16653061224489796
SBM,100,2,2,0.23797979797979799,0,0.24363636363636362
SBM,100,3,0,0.1999587713873428,7,0.21232735518449805
SBM,100,5,0,0.1898989898989899,2,0.18545454545454546
SBM,150,2,0,0.2589709172259508,0,0.2612975391498881
SBM,150,3,3,0.23319910514541387,0,0.2552125279642058
SBM,150,5,0,0.21476510067114093,1,0.2199552572706935
SBM,50,2,1,0.21224489795918366,0,0.26285714285714284
SBM,50,3,2,0.18971631205673758,0,0.18617021276595744
SBM,50,5,0,0.16163265306122448,2,0.16816326530612244
SBM,100,2,0,0.24808080808080807,3,0.24646464646464647
SBM,100,3,1,0.23871366728509585,1,0.24366110080395795
SBM,100,5,0,0.19393939393939394,2,0.19393939393939394
SBM,150,2,4,0.2589709172259508,0,0.25843400447427295
SBM,150,3,4,0.218165548098434,0,0.22174496644295302
SBM,150,5,0,0.21440715883668904,1,0.21888143176733782
SBM,50,2,25,0.14857142857142858,10,0.2073469387755102
SBM,50,3,0,0.2074468085106383,24,0.12234042553191489
SBM,50,5,1,0.15020408163265306,0,0.15510204081632653
SBM,100,2,1,0.23232323232323232,0,0.2404040404040404
SBM,100,3,0,0.2119150690579262,2,0.2110904968047825
SBM,100,5,1,0.20323232323232324,2,0.20484848484848484
SBM,150,2,0,0.261834451901566,0,0.2589709172259508
SBM,150,3,3,0.22049217002237137,4,0.22335570469798657
SBM,150,5,0,0.21172259507829977,1,0.20563758389261744
SBM,50,2,1,0.21387755102040817,25,0.15183673469387754
SBM,50,3,1,0.1950354609929078,1,0.19680851063829788
SBM,50,5,2,0.16653061224489796,2,0.15510204081632653
SBM,100,2,0,0.23393939393939395,6,0.2298989898989899
SBM,100,3,0,0.23541537827252113,2,0.23788909503195219
SBM,100,5,1,0.20444444444444446,7,0.19797979797979798
SBM,150,2,0,0.26272930648769577,5,0.26416107382550336
SBM,150,3,3,0.22514541387024609,2,0.22639821029082774
SBM,150,5,0,0.2170917225950783,3,0.21888143176733782
SBM,50,2,0,0.21061224489795918,25,0.18285714285714286
SBM,50,3,1,0.20035460992907803,2,0.19326241134751773
SBM,50,5,1,0.16489795918367348,0,0.16163265306122448
SBM,100,2,5,0.24484848484848484,0,0.24323232323232324
SBM,100,3,0,0.20902906617192332,1,0.24489795918367346
SBM,100,5,0,0.19555555555555557,1,0.19393939393939394
SBM,150,2,2,0.2625503355704698,3,0.26863534675615214
SBM,150,3,4,0.2280089485458613,0,0.23409395973154362
SBM,150,5,1,0.21512304250559283,0,0.21261744966442953
SBM,50,2,0,0.2220408163265306,0,0.2073469387755102
SBM,50,3,0,0.19148936170212766,1,0.20921985815602837
SBM,50,5,3,0.14530612244897959,1,0.15836734693877552
SBM,100,2,0,0.2513131313131313,0,0.24686868686868688
SBM,100,3,0,0.24695938981653268,0,0.2110904968047825
SBM,100,5,1,0.20040404040404042,3,0.2012121212121212
SBM,150,2,6,0.2646979865771812,0,0.26630872483221474
SBM,150,3,9,0.22389261744966443,0,0.22281879194630871
SBM,150,5,2,0.2156599552572707,0,0.2206711409395973
SBM,50,2,2,0.2220408163265306,25,0.17142857142857143
SBM,50,3,1,0.20921985815602837,24,0.14361702127659576
SBM,50,5,12,0.14530612244897959,0,0.15510204081632653
SBM,100,2,3,0.25616161616161615,0,0.258989898989899
SBM,100,3,0,0.22345908060193775,0,0.1937744794887652
SBM,100,5,0,0.20363636363636364,5,0.18666666666666668
SBM,150,2,2,0.26380313199105143,8,0.2643400447427293
SBM,150,3,1,0.22675615212527964,0,0.22675615212527964
SBM,150,5,1,0.19722595078299776,2,0.2047427293064877
SBM,50,2,2,0.24653061224489795,0,0.24653061224489795
SBM,50,3,1,0.20212765957446807,6,0.18439716312056736
SBM,50,5,3,0.15020408163265306,0,0.15510204081632653
SBM,100,2,0,0.24565656565656566,8,0.24202020202020202
SBM,100,3,5,0.22057307771593485,0,0.23871366728509585
SBM,100,5,0,0.19313131313131313,0,0.19515151515151516
SBM,150,2,3,0.2607606263982103,1,0.26487695749440715
SBM,150,3,0,0.23498881431767338,0,0.26040268456375837
SBM,150,5,6,0.20456375838926175,2,0.21637583892617449
SBM,50,2,0,0.2089795918367347,0,0.2089795918367347
SBM,50,3,0,0.20567375886524822,1,0.20035460992907803
SBM,50,5,2,0.17795918367346938,2,0.18285714285714286
SBM,100,2,6,0.24888888888888888,0,0.2513131313131313
SBM,100,3,1,0.21768707482993196,3,0.20944135229849514
SBM,100,5,2,0.19353535353535353,1,0.19434343434343435
SBM,150,2,3,0.2639821029082774,0,0.2670246085011186
SBM,150,3,0,0.22281879194630871,3,0.24751677852348994
SBM,150,5,0,0.21404921700223714,2,0.22353467561521254
SBM,50,2,2,0.20408163265306123,7,0.20408163265306123
SBM,50,3,1,0.20035460992907803,0,0.18971631205673758
SBM,50,5,1,0.16979591836734695,0,0.18122448979591838
SBM,100,2,1,0.22707070707070706,0,0.2290909090909091
SBM,100,3,0,0.24283652855081425,1,0.20366934652648938
SBM,100,5,1,0.19757575757575757,3,0.18828282828282827
SBM,150,2,0,0.2713199105145414,0,0.2639821029082774
SBM,150,3,0,0.2593288590604027,1,0.2480536912751678
SBM,150,5,0,0.218165548098434,0,0.22246085011185682
SBM,50,2,0,0.2546938775510204,25,0.15020408163265306
SBM,50,3,3,0.19326241134751773,2,0.20921985815602837
SBM,50,5,1,0.16,2,0.16163265306122448
SBM,100,2,0,0.2476767676767677,0,0.24444444444444444
SBM,100,3,4,0.21273964131106987,9,0.20202020202020202
SBM,100,5,1,0.18828282828282827,0,0.19111111111111112
SBM,150,2,0,0.2611185682326622,0,0.26612975391498883
SBM,150,3,1,0.22496644295302012,1,0.22263982102908278
SBM,150,5,2,0.21082774049217,1,0.21333333333333335
SBM,50,2,0,0.23673469387755103,25,0.16816326530612244
SBM,50,3,2,0.20390070921985815,8,0.20921985815602837
SBM,50,5,3,0.13714285714285715,25,0.10448979591836735
SBM,100,2,2,0.23555555555555555,5,0.2307070707070707
SBM,100,3,1,0.21933621933621933,1,0.2057307771593486
SBM,100,5,0,0.20323232323232324,1,0.20484848484848484
SBM,150,2,0,0.25914988814317674,0,0.2611185682326622
SBM,150,3,1,0.22926174496644294,0,0.23033557046979866
SBM,150,5,2,0.21208053691275167,0,0.2170917225950783
SBM,50,2,8,0.17142857142857143,0,0.18775510204081633
SBM,50,3,2,0.18617021276595744,2,0.20567375886524822
SBM,50,5,0,0.16653061224489796,0,0.156734693877551
SBM,100,2,0,0.24525252525252525,5,0.24242424242424243
SBM,100,3,2,0.20202020202020202,8,0.2069676355390641
SBM,100,5,3,0.19434343434343435,0,0.1923232323232323
SBM,150,2,1,0.26093959731543626,5,0.26272930648769577
SBM,150,3,3,0.22389261744966443,4,0.22317673378076064
SBM,150,5,0,0.21225950782997763,5,0.20438478747203578
SBM,50,2,0,0.19591836734693877,0,0.23183673469387756
SBM,50,3,1,0.1879432624113475,1,0.18439716312056736
SBM,50,5,1,0.17142857142857143,4,0.16653061224489796
SBM,100,2,3,0.24161616161616162,8,0.2404040404040404
SBM,100,3,0,0.24036281179138322,11,0.2077922077922078
SBM,100,5,0,0.1890909090909091,2,0.18828282828282827
SBM,150,2,0,0.261834451901566,10,0.2636241610738255
SBM,150,3,1,0.22747203579418346,6,0.21834451901565996
SBM,150,5,0,0.2086800894854586,4,0.21154362416107383
SBM,50,2,1,0.2236734693877551,0,0.21877551020408162
SBM,50,3,3,0.1950354609929078,0,0.20567375886524822
SBM,50,5,2,0.16163265306122448,0,0.16163265306122448
SBM,100,2,3,0.2387878787878788,7,0.23717171717171717
SBM,100,3,0,0.2168625025767883,0,0.2300556586270872
SBM,100,5,0,0.20202020202020202,1,0.20040404040404042
SBM,150,2,0,0.2629082774049217,1,0.2677404921700224
SBM,150,3,0,0.2319463087248322,0,0.2265771812080537
SBM,150,5,1,0.21440715883668904,0,0.2156599552572707
SBM,50,2,9,0.20081632653061224,4,0.21877551020408162
SBM,50,3,1,0.20212765957446807,1,0.2074468085106383
SBM,50,5,0,0.16816326530612244,0,0.16653061224489796
SBM,100,2,0,0.24484848484848484,0,0.23797979797979799
SBM,100,3,0,0.23252937538651824,0,0.20655534941249226
SBM,100,5,1,0.19717171717171716,0,0.19595959595959597
SBM,150,2,1,0.2589709172259508,4,0.2587919463087248
SBM,150,3,4,0.2203131991051454,1,0.22281879194630871
SBM,150,5,2,0.20492170022371364,1,0.20850111856823267
SBM,50,2,1,0.21387755102040817,1,0.22040816326530613
SBM,50,3,19,0.18262411347517732,0,0.18439716312056736
SBM,50,5,1,0.156734693877551,0,0.16816326530612244
SBM,100,2,2,0.24202020202020202,0,0.24363636363636362
SBM,100,3,0,0.20531849103277675,1,0.23541537827252113
SBM,100,5,1,0.21414141414141413,0,0.20929292929292928
SBM,150,2,0,0.26559284116331094,0,0.25861297539149886
SBM,150,3,0,0.22389261744966443,0,0.22514541387024609
SBM,150,5,0,0.22192393736017896,1,0.21315436241610738
SBM,50,2,25,0.16163265306122448,0,0.23346938775510204
SBM,50,3,14,0.1595744680851064,2,0.18617021276595744
SBM,50,5,1,0.15510204081632653,4,0.1469387755102041
SBM,100,2,10,0.24525252525252525,0,0.24484848484848484
SBM,100,3,2,0.21356421356421357,0,0.21397649969078542
SBM,100,5,2,0.19717171717171716,2,0.19797979797979798
SBM,150,2,0,0.2650559284116331,0,0.26380313199105143
SBM,150,3,0,0.26416107382550336,0,0.22604026845637584
SBM,150,5,1,0.218165548098434,0,0.21691275167785234
SBM,50,2,17,0.16816326530612244,25,0.13877551020408163
SBM,50,3,24,0.12943262411347517,0,0.18262411347517732
SBM,50,5,0,0.16653061224489796,1,0.16653061224489796
SBM,100,2,2,0.22666666666666666,0,0.23232323232323232
SBM,100,3,1,0.23252937538651824,0,0.23582766439909297
SBM,100,5,1,0.2105050505050505,2,0.2088888888888889
SBM,150,2,0,0.27060402684563756,7,0.2621923937360179
SBM,150,3,1,0.22675615212527964,1,0.26380313199105143
SBM,150,5,1,0.2156599552572707,0,0.21637583892617449
SBM,50,2,9,0.20408163265306123,2,0.24979591836734694
SBM,50,3,4,0.21453900709219859,2,0.21453900709219859
SBM,50,5,1,0.15346938775510205,0,0.156734693877551
SBM,100,2,0,0.2505050505050505,0,0.24686868686868688
SBM,100,3,2,0.209853638425067,0,0.21273964131106987
SBM,100,5,0,0.2008080808080808,0,0.19595959595959597
SBM,150,2,1,0.2646979865771812,3,0.2621923937360179
SBM,150,3,1,0.22407158836689037,0,0.22389261744966443
SBM,150,5,0,0.20975391498881432,1,0.21387024608501118
SBM,50,2,0,0.21224489795918366,3,0.20244897959183675
SBM,50,3,3,0.17553191489361702,1,0.18085106382978725
SBM,50,5,1,0.17142857142857143,3,0.17142857142857143
SBM,100,2,5,0.23353535353535354,3,0.23474747474747476
SBM,100,3,1,0.21521335807050093,1,0.20944135229849514
SBM,100,5,2,0.19797979797979798,1,0.19555555555555557
SBM,150,2,1,0.2593288590604027,0,0.2593288590604027
SBM,150,3,0,0.22854586129753915,0,0.22299776286353468
SBM,150,5,0,0.2086800894854586,1,0.21404921700223714
SBM,50,2,0,0.20244897959183675,0,0.2073469387755102
SBM,50,3,5,0.1773049645390071,24,0.1453900709219858
SBM,50,5,2,0.13877551020408163,0,0.1306122448979592
SBM,100,2,0,0.23030303030303031,9,0.23232323232323232
SBM,100,3,0,0.238301381158524,1,0.21727478870336014
SBM,100,5,0,0.2016161616161616,2,0.19838383838383838
SBM,150,2,1,0.26487695749440715,0,0.26666666666666666
SBM,150,3,1,0.2287248322147651,8,0.26272930648769577
SBM,150,5,0,0.21100671140939598,1,0.21583892617449665
SBM,50,2,2,0.21714285714285714,0,0.19918367346938776
SBM,50,3,2,0.18439716312056736,1,0.20035460992907803
SBM,50,5,2,0.1469387755102041,2,0.1469387755102041
SBM,100,2,0,0.24727272727272728,11,0.2505050505050505
SBM,100,3,1,0.2110904968047825,0,0.22016079158936303
SBM,100,5,0,0.18464646464646464,0,0.1802020202020202
SBM,150,2,0,0.2593288590604027,2,0.26344519015659956
SBM,150,3,0,0.22639821029082774,0,0.22299776286353468
SBM,150,5,1,0.21977628635346755,0,0.2195973154362416
SBM,50,2,3,0.2057142857142857,1,0.20081632653061224
SBM,50,3,24,0.12588652482269502,0,0.17198581560283688
SBM,50,5,0,0.17959183673469387,2,0.17469387755102042
SBM,100,2,1,0.24282828282828284,3,0.24161616161616162
SBM,100,3,1,0.22387136672850957,1,0.24984539270253556
SBM,100,5,3,0.20363636363636364,0,0.20323232323232324
SBM,150,2,6,0.25610738255033555,0,0.25539149888143176
SBM,150,3,0,0.2206711409395973,0,0.22246085011185682
SBM,150,5,0,0.21834451901565996,1,0.218165548098434
SBM,50,2,1,0.21387755102040817,16,0.18285714285714286
SBM,50,3,3,0.18617021276595744,0,0.20567375886524822
SBM,50,5,0,0.1436734693877551,0,0.14204081632653062
SBM,100,2,0,0.23353535353535354,1,0.24565656565656566
SBM,100,3,1,0.2077922077922078,8,0.23129251700680273
SBM,100,5,0,0.19353535353535353,1,0.20040404040404042
SBM,150,2,1,0.2620134228187919,3,0.26541387024608504
SBM,150,3,0,0.22854586129753915,0,0.2247874720357942
SBM,150,5,4,0.2206711409395973,1,0.2167337807606264
SBM,50,2,1,0.21387755102040817,0,0.2416326530612245
SBM,50,3,0,0.20921985815602837,2,0.20390070921985815
SBM,50,5,0,0.16979591836734695,3,0.17142857142857143
SBM,100,2,0,0.24202020202020202,0,0.23676767676767677
SBM,100,3,1,0.2560296846011132,0,0.20944135229849514
SBM,100,5,2,0.1987878787878788,2,0.19838383838383838
SBM,150,2,1,0.25861297539149886,0,0.25718120805369127
SBM,150,3,0,0.21941834451901565,0,0.22049217002237137
SBM,150,5,2,0.22102908277404923,1,0.21762863534675614
SBM,50,2,2,0.21224489795918366,0,0.21061224489795918
SBM,50,3,0,0.1879432624113475,24,0.1400709219858156
SBM,50,5,0,0.17142857142857143,0,0.17469387755102042
SBM,100,2,0,0.24,0,0.2404040404040404
SBM,100,3,0,0.21562564419707278,1,0.23376623376623376
SBM,100,5,0,0.1995959595959596,0,0.19434343434343435
SBM,150,2,1,0.26058165548098433,3,0.2612975391498881
SBM,150,3,0,0.22299776286353468,0,0.2480536912751678
SBM,150,5,0,0.218165548098434,2,0.21100671140939598
SBM,50,2,8,0.18612244897959185,0,0.20081632653061224
SBM,50,3,2,0.18439716312056736,0,0.19148936170212766
SBM,50,5,1,0.16,2,0.156734693877551
SBM,100,2,0,0.24202020202020202,0,0.23515151515151514
SBM,100,3,1,0.21933621933621933,2,0.20449391877963308
SBM,100,5,0,0.20565656565656565,0,0.2016161616161616
SBM,150,2,0,0.26791946308724834,3,0.2636241610738255
SBM,150,3,1,0.2414317673378076,0,0.2174496644295302
SBM,150,5,1,0.22192393736017896,5,0.22120805369127516
SBM,50,2,0,0.22040816326530613,11,0.2073469387755102
SBM,50,3,0,0.20035460992907803,1,0.2074468085106383
SBM,50,5,3,0.156734693877551,2,0.16326530612244897
SBM,100,2,0,0.24484848484848484,0,0.2412121212121212
SBM,100,3,0,0.23541537827252113,0,0.20449391877963308
SBM,100,5,0,0.19272727272727272,2,0.19474747474747475
SBM,150,2,0,0.26541387024608504,6,0.2607606263982103
SBM,150,3,0,0.23105145413870246,1,0.23123042505592842
SBM,150,5,4,0.21100671140939598,3,0.21870246085011186
SBM,50,2,3,0.20081632653061224,24,0.14857142857142858
SBM,50,3,4,0.16843971631205673,0,0.17553191489361702
SBM,50,5,0,0.16,0,0.16816326530612244
SBM,100,2,0,0.24606060606060606,0,0.24282828282828284
SBM,100,3,2,0.24201195629767058,0,0.21397649969078542
SBM,100,5,1,0.2012121212121212,1,0.2012121212121212
SBM,150,2,0,0.2650559284116331,0,0.2636241610738255
SBM,150,3,0,0.2206711409395973,0,0.22102908277404923
SBM,150,5,0,0.2160178970917226,0,0.2029530201342282
SBM,50,2,0,0.2742857142857143,2,0.2220408163265306
SBM,50,3,0,0.18617021276595744,0,0.15602836879432624
SBM,50,5,1,0.1730612244897959,1,0.16489795918367348
SBM,100,2,0,0.2404040404040404,8,0.23959595959595958
SBM,100,3,6,0.2453102453102453,3,0.21273964131106987
SBM,100,5,2,0.20565656565656565,0,0.19838383838383838
SBM,150,2,0,0.2670246085011186,0,0.2600447427293065
SBM,150,3,0,0.23785234899328858,1,0.23498881431767338
SBM,150,5,0,0.20438478747203578,0,0.2029530201342282
SBM,50,2,0,0.21551020408163266,0,0.20244897959183675
SBM,50,3,0,0.1879432624113475,7,0.19326241134751773
SBM,50,5,5,0.15346938775510205,0,0.15183673469387754
SBM,100,2,0,0.23353535353535354,1,0.2294949494949495
SBM,100,3,2,0.2259327973613688,0,0.21150278293135436
SBM,100,5,0,0.19717171717171716,1,0.2012121212121212
SBM,150,2,1,0.26541387024608504,0,0.3062192393736018
SBM,150,3,0,0.261834451901566,0,0.22353467561521254
SBM,150,5,0,0.2124384787472036,1,0.21512304250559283
SBM,50,2,0,0.23020408163265307,8,0.20408163265306123
SBM,50,3,1,0.20390070921985815,1,0.20567375886524822
SBM,50,5,1,0.16489795918367348,7,0.16163265306122448
SBM,100,2,0,0.2391919191919192,6,0.23595959595959595
SBM,100,3,0,0.21397649969078542,1,0.20614306328592044
SBM,100,5,1,0.2084848484848485,1,0.20525252525252524
SBM,150,2,0,0.2629082774049217,0,0.26738255033557046
SBM,150,3,0,0.22514541387024609,0,0.22550335570469798
SBM,150,5,2,0.20313199105145413,0,0.20742729306487695
SBM,50,2,0,0.20081632653061224,25,0.15346938775510205
SBM,50,3,2,0.20212765957446807,7,0.19148936170212766
SBM,50,5,3,0.16,1,0.16163265306122448
SBM,100,2,0,0.2476767676767677,0,0.2513131313131313
SBM,100,3,0,0.22263450834879406,0,0.23170480313337455
SBM,100,5,1,0.20727272727272728,1,0.2088888888888889
SBM,150,2,0,0.2570022371364653,0,0.25789709172259506
SBM,150,3,1,0.25771812080536916,0,0.22747203579418346
SBM,150,5,1,0.21369127516778524,2,0.21422818791946308
SBM,50,2,1,0.21714285714285714,0,0.19755102040816327
SBM,50,3,2,0.20035460992907803,0,0.18971631205673758
SBM,50,5,1,0.1763265306122449,0,0.16979591836734695
SBM,100,2,0,0.24686868686868688,0,0.2387878787878788
SBM,100,3,6,0.20944135229849514,2,0.21026592455163884
SBM,100,5,5,0.19434343434343435,1,0.1907070707070707
SBM,150,2,1,0.268993288590604,3,0.26487695749440715
SBM,150,3,1,0.22102908277404923,0,0.22174496644295302
SBM,150,5,1,0.20975391498881432,2,0.2058165548098434
SBM,50,2,0,0.21061224489795918,0,0.21551020408163266
SBM,50,3,0,0.1773049645390071,0,0.1702127659574468
SBM,50,5,1,0.15020408163265306,25,0.12571428571428572
SBM,100,2,0,0.25252525252525254,4,0.25575757575757574
SBM,100,3,4,0.2209853638425067,1,0.2391259534116677
SBM,100,5,0,0.2012121212121212,0,0.20686868686868687
SBM,150,2,0,0.2720357941834452,0,0.26630872483221474
SBM,150,3,9,0.22281879194630871,5,0.22192393736017896
SBM,150,5,4,0.21637583892617449,1,0.2170917225950783
SBM,50,2,0,0.19755102040816327,0,0.19918367346938776
SBM,50,3,24,0.1595744680851064,2,0.17553191489361702
SBM,50,5,1,0.16653061224489796,1,0.1730612244897959
SBM,100,2,1,0.24646464646464647,0,0.24444444444444444
SBM,100,3,0,0.19666048237476808,2,0.20861678004535147
SBM,100,5,0,0.20282828282828283,2,0.2008080808080808
SBM,150,2,0,0.26487695749440715,0,0.2620134228187919
SBM,150,3,1,0.2564653243847875,0,0.22496644295302012
SBM,150,5,1,0.2160178970917226,1,0.21369127516778524
SBM,50,2,0,0.2220408163265306,9,0.2057142857142857
SBM,50,3,2,0.18085106382978725,7,0.18262411347517732
SBM,50,5,0,0.17469387755102042,3,0.16816326530612244
SBM,100,2,0,0.24525252525252525,0,0.2391919191919192
SBM,100,3,0,0.2057307771593486,9,0.20531849103277675
SBM,100,5,1,0.19393939393939394,1,0.19474747474747475
SBM,150,2,1,0.25986577181208054,0,0.2596868008948546
SBM,150,3,0,0.2301565995525727,0,0.229082774049217
SBM,150,5,0,0.21762863534675614,1,0.21619686800894855
SBM,50,2,1,0.22693877551020408,0,0.24326530612244898
SBM,50,3,3,0.1879432624113475,1,0.20035460992907803
SBM,50,5,2,0.15183673469387754,0,0.15020408163265306
SBM,100,2,0,0.24484848484848484,0,0.24202020202020202
SBM,100,3,0,0.20366934652648938,4,0.21397649969078542
SBM,100,5,0,0.20404040404040405,0,0.20282828282828283
SBM,150,2,0,0.26022371364653246,1,0.2589709172259508
SBM,150,3,1,0.2287248322147651,2,0.22371364653243847
SBM,150,5,0,0.2124384787472036,2,0.2124384787472036
SBM,50,2,3,0.1910204081632653,1,0.19755102040816327
SBM,50,3,1,0.1702127659574468,1,0.1773049645390071
SBM,50,5,1,0.15183673469387754,8,0.14857142857142858
SBM,100,2,2,0.2545454545454545,0,0.24404040404040403
SBM,100,3,7,0.20037105751391465,2,0.20737992166563596
SBM,100,5,0,0.20565656565656565,0,0.19474747474747475
SBM,150,2,4,0.2650559284116331,0,0.2657718120805369
SBM,150,3,3,0.23337807606263983,2,0.2199552572706935
SBM,150,5,1,0.21548098434004473,0,0.21512304250559283
SBM,50,2,12,0.1893877551020408,1,0.2530612244897959
SBM,50,3,1,0.18971631205673758,5,0.1950354609929078
SBM,50,5,0,0.15510204081632653,1,0.15020408163265306
SBM,100,2,2,0.23676767676767677,0,0.24202020202020202
SBM,100,3,1,0.21480107194392908,3,0.19789734075448362
SBM,100,5,2,0.19636363636363635,4,0.19353535353535353
SBM,150,2,3,0.2664876957494407,0,0.2639821029082774
SBM,150,3,0,0.2203131991051454,2,0.24680089485458612
SBM,150,5,2,0.21512304250559283,1,0.2195973154362416
SBM,50,2,0,0.21224489795918366,0,0.2073469387755102
SBM,50,3,3,0.20567375886524822,3,0.17375886524822695
SBM,50,5,0,0.16489795918367348,4,0.16653061224489796
SBM,100,2,0,0.24404040404040403,3,0.23595959595959595
SBM,100,3,0,0.21232735518449805,0,0.2160379303236446
SBM,100,5,2,0.19393939393939394,1,0.1987878787878788
SBM,150,2,0,0.2636241610738255,2,0.26487695749440715
SBM,150,3,0,0.24483221476510067,4,0.22102908277404923
SBM,150,5,0,0.21941834451901565,1,0.21512304250559283
SBM,50,2,0,0.23673469387755103,0,0.22040816326530613
SBM,50,3,0,0.18085106382978725,0,0.16666666666666666
SBM,50,5,0,0.15346938775510205,2,0.15183673469387754
SBM,100,2,0,0.2408080808080808,0,0.2391919191919192
SBM,100,3,0,0.24201195629767058,0,0.21521335807050093
SBM,100,5,1,0.1987878787878788,0,0.2008080808080808
SBM,150,2,1,0.26380313199105143,5,0.2639821029082774
SBM,150,3,3,0.22621923937360178,0,0.22407158836689037
SBM,150,5,1,0.2065324384787472,0,0.20742729306487695
SBM,50,2,2,0.21224489795918366,0,0.21387755102040817
SBM,50,3,2,0.18262411347517732,24,0.11702127659574468
SBM,50,5,0,0.1893877551020408,2,0.1763265306122449
SBM,100,2,0,0.2496969696969697,0,0.24646464646464647
SBM,100,3,3,0.21232735518449805,2,0.20737992166563596
SBM,100,5,0,0.19353535353535353,3,0.1923232323232323
SBM,150,2,0,0.26738255033557046,0,0.2672035794183445
SBM,150,3,3,0.22675615212527964,4,0.2287248322147651
SBM,150,5,1,0.20850111856823267,1,0.21261744966442953
SBM,50,2,1,0.20408163265306123,3,0.21387755102040817
SBM,50,3,4,0.18439716312056736,1,0.18262411347517732
SBM,50,5,2,0.16489795918367348,0,0.16
SBM,100,2,0,0.2404040404040404,6,0.24242424242424243
SBM,100,3,0,0.24159967017109873,2,0.2069676355390641
SBM,100,5,1,0.2096969696969697,3,0.20040404040404042
SBM,150,2,0,0.2652348993288591,3,0.26791946308724834
SBM,150,3,2,0.25914988814317674,1,0.250917225950783
SBM,150,5,0,0.21136465324384787,2,0.218165548098434
SBM,50,2,2,0.20244897959183675,0,0.20244897959183675
SBM,50,3,2,0.19680851063829788,3,0.19326241134751773
SBM,50,5,0,0.15836734693877552,0,0.16326530612244897
SBM,100,2,0,0.24606060606060606,5,0.24606060606060606
SBM,100,3,0,0.21768707482993196,0,0.20449391877963308
SBM,100,5,1,0.1903030303030303,2,0.19313131313131313
SBM,150,2,0,0.2670246085011186,2,0.26595078299776287
SBM,150,3,0,0.22335570469798657,2,0.23749440715883668
SBM,150,5,2,0.21762863534675614,1,0.20975391498881432
SBM,50,2,1,0.21224489795918366,0,0.20408163265306123
SBM,50,3,0,0.19148936170212766,2,0.18262411347517732
SBM,50,5,1,0.13877551020408163,0,0.14530612244897959
SBM,100,2,3,0.23353535353535354,0,0.2383838383838384
SBM,100,3,3,0.22758194186765615,1,0.238301381158524
SBM,100,5,2,0.1987878787878788,0,0.19555555555555557
SBM,150,2,2,0.2525279642058166,0,0.258076062639821
SBM,150,3,0,0.22926174496644294,0,0.24519015659955257
SBM,150,5,1,0.2124384787472036,1,0.21637583892617449
SBM,50,2,0,0.2057142857142857,6,0.2057142857142857
SBM,50,3,10,0.19326241134751773,2,0.19858156028368795
SBM,50,5,1,0.16,1,0.15346938775510205
SBM,100,2,0,0.24202020202020202,2,0.23757575757575758
SBM,100,3,0,0.23500309214594928,0,0.20655534941249226
SBM,100,5,2,0.2084848484848485,1,0.19838383838383838
SBM,150,2,0,0.26612975391498883,3,0.2714988814317673
SBM,150,3,0,0.22890380313199105,0,0.2244295302013423
SBM,150,5,1,0.22496644295302012,1,0.22156599552572706
SBM,50,2,3,0.20408163265306123,0,0.2057142857142857
SBM,50,3,1,0.19148936170212766,1,0.1773049645390071
SBM,50,5,1,0.15020408163265306,0,0.14857142857142858
SBM,100,2,0,0.2408080808080808,3,0.24
SBM,100,3,0,0.20202020202020202,4,0.209853638425067
SBM,100,5,2,0.1991919191919192,1,0.2
SBM,150,2,0,0.2684563758389262,0,0.26559284116331094
SBM,150,3,1,0.23212527964205817,1,0.23463087248322148
SBM,150,5,5,0.21727069351230424,0,0.20939597315436242
SBM,50,2,25,0.15183673469387754,0,0.20244897959183675
SBM,50,3,2,0.2074468085106383,0,0.19680851063829788
SBM,50,5,5,0.14857142857142858,0,0.15020408163265306
SBM,100,2,0,0.2412121212121212,0,0.24484848484848484
SBM,100,3,8,0.20614306328592044,3,0.227994227994228
SBM,100,5,1,0.20767676767676768,1,0.20646464646464646
SBM,150,2,1,0.2652348993288591,6,0.26380313199105143
SBM,150,3,0,0.22621923937360178,2,0.23087248322147652
SBM,150,5,0,0.21136465324384787,2,0.21172259507829977
SBM,50,2,2,0.21224489795918366,10,0.23020408163265307
SBM,50,3,0,0.17553191489361702,1,0.1595744680851064
SBM,50,5,1,0.15836734693877552,2,0.16
SBM,100,2,4,0.23636363636363636,0,0.23595959595959595
SBM,100,3,0,0.19830962688105544,4,0.21851164708307566
SBM,100,5,0,0.18343434343434342,3,0.17414141414141415
SBM,150,2,1,0.2645190156599553,4,0.2643400447427293
SBM,150,3,2,0.22604026845637584,3,0.23982102908277406
SBM,150,5,1,0.21691275167785234,3,0.2076062639821029
SBM,50,2,0,0.21061224489795918,4,0.1910204081632653
SBM,50,3,3,0.17907801418439717,0,0.17907801418439717
SBM,50,5,2,0.16979591836734695,0,0.16163265306122448
SBM,100,2,0,0.25212121212121213,2,0.24444444444444444
SBM,100,3,0,0.21438878581735724,2,0.21645021645021645
SBM,100,5,1,0.18787878787878787,1,0.18343434343434342
SBM,150,2,3,0.25736017897091723,2,0.25861297539149886
SBM,150,3,2,0.2265771812080537,2,0.2265771812080537
SBM,150,5,0,0.21369127516778524,1,0.21440715883668904
SBM,50,2,3,0.20408163265306123,0,0.2089795918367347
SBM,50,3,24,0.1524822695035461,1,0.1879432624113475
SBM,50,5,2,0.12897959183673469,0,0.1273469387755102
SBM,100,2,0,0.2513131313131313,3,0.25171717171717173
SBM,100,3,1,0.23170480313337455,27,0.2057307771593486
SBM,100,5,2,0.21171717171717172,5,0.19757575757575757
SBM,150,2,2,0.26595078299776287,0,0.2636241610738255
SBM,150,3,2,0.2174496644295302,0,0.21727069351230424
SBM,150,5,1,0.20850111856823267,3,0.19024608501118567
SBM,50,2,0,0.22857142857142856,5,0.21387755102040817
SBM,50,3,2,0.16489361702127658,24,0.1347517730496454
SBM,50,5,0,0.15183673469387754,1,0.15183673469387754
SBM,100,2,0,0.2509090909090909,3,0.2501010101010101
SBM,100,3,1,0.20243248814677386,1,0.20160791589363017
SBM,100,5,2,0.18262626262626264,1,0.18787878787878787
SBM,150,2,0,0.25718120805369127,6,0.2562863534675615
SBM,150,3,3,0.2199552572706935,0,0.22550335570469798
SBM,150,5,3,0.21172259507829977,0,0.2160178970917226
SBM,50,2,3,0.21061224489795918,0,0.25795918367346937
SBM,50,3,2,0.21631205673758866,0,0.2127659574468085
SBM,50,5,2,0.17142857142857143,0,0.17142857142857143
SBM,100,2,0,0.2412121212121212,0,0.24444444444444444
SBM,100,3,2,0.21727478870336014,2,0.2007833436404865
SBM,100,5,2,0.19313131313131313,0,0.19353535353535353
SBM,150,2,2,0.26040268456375837,0,0.2611185682326622
SBM,150,3,0,0.2570022371364653,2,0.22299776286353468
SBM,150,5,1,0.20599552572706936,1,0.2076062639821029
SBM,50,2,0,0.19918367346938776,21,0.17795918367346938
SBM,50,3,0,0.20035460992907803,24,0.14893617021276595
SBM,50,5,3,0.16489795918367348,3,0.16979591836734695
SBM,100,2,0,0.24808080808080807,6,0.24484848484848484
SBM,100,3,1,0.20655534941249226,0,0.21026592455163884
SBM,100,5,2,0.19515151515151516,1,0.19757575757575757
SBM,150,2,1,0.26022371364653246,5,0.2636241610738255
SBM,150,3,0,0.23445190156599552,2,0.22639821029082774
SBM,150,5,1,0.2203131991051454,1,0.21136465324384787
SBM,50,2,0,0.2220408163265306,1,0.21061224489795918
SBM,50,3,0,0.18617021276595744,24,0.12056737588652482
SBM,50,5,1,0.15346938775510205,2,0.15346938775510205
SBM,100,2,6,0.24606060606060606,0,0.24565656565656566
SBM,100,3,0,0.20449391877963308,2,0.20366934652648938
SBM,100,5,0,0.19393939393939394,2,0.19393939393939394
SBM,150,2,0,0.2643400447427293,0,0.26093959731543626
SBM,150,3,0,0.2276510067114094,1,0.2297986577181208
SBM,150,5,3,0.20850111856823267,1,0.20116331096196868
SBM,50,2,25,0.17469387755102042,4,0.2073469387755102
SBM,50,3,0,0.20921985815602837,1,0.20390070921985815
SBM,50,5,2,0.156734693877551,1,0.15346938775510205
SBM,100,2,0,0.23232323232323232,1,0.23757575757575758
SBM,100,3,0,0.20531849103277675,0,0.2028447742733457
SBM,100,5,1,0.19555555555555557,1,0.1898989898989899
SBM,150,2,4,0.3264429530201342,5,0.26237136465324384
SBM,150,3,0,0.22550335570469798,1,0.21476510067114093
SBM,150,5,0,0.21798657718120806,1,0.21798657718120806
SBM,50,2,0,0.2073469387755102,0,0.2073469387755102
SBM,50,3,0,0.19148936170212766,1,0.20212765957446807
SBM,50,5,0,0.16,25,0.1110204081632653
SBM,100,2,0,0.24404040404040403,4,0.24323232323232324
SBM,100,3,0,0.21974850546279118,8,0.20160791589363017
SBM,100,5,1,0.18505050505050505,0,0.19111111111111112
SBM,150,2,2,0.2664876957494407,0,0.26344519015659956
SBM,150,3,0,0.22120805369127516,0,0.22138702460850113
SBM,150,5,0,0.2127964205816555,4,0.21136465324384787
SBM,50,2,1,0.2236734693877551,1,0.23510204081632652
SBM,50,3,1,0.18085106382978725,2,0.16843971631205673
SBM,50,5,0,0.16816326530612244,0,0.16653061224489796
SBM,100,2,1,0.29373737373737374,0,0.2315151515151515
SBM,100,3,2,0.2218099360956504,0,0.2119150690579262
SBM,100,5,1,0.2084848484848485,4,0.20282828282828283
SBM,150,2,2,0.2636241610738255,3,0.26272930648769577
SBM,150,3,0,0.2607606263982103,1,0.23069351230425056
SBM,150,5,0,0.21100671140939598,0,0.20599552572706936
SBM,50,2,0,0.1926530612244898,8,0.18285714285714286
SBM,50,3,0,0.1773049645390071,0,0.18262411347517732
SBM,50,5,0,0.15346938775510205,1,0.14857142857142858
SBM,100,2,2,0.24444444444444444,0,0.24686868686868688
SBM,100,3,2,0.21521335807050093,2,0.2028447742733457
SBM,100,5,1,0.19151515151515153,6,0.1898989898989899
SBM,150,2,3,0.258076062639821,3,0.2625503355704698
SBM,150,3,1,0.23033557046979866,2,0.22263982102908278
SBM,150,5,1,0.22174496644295302,3,0.22550335570469798
SBM,50,2,0,0.25142857142857145,1,0.21714285714285714
SBM,50,3,0,0.19858156028368795,5,0.20035460992907803
SBM,50,5,2,0.16163265306122448,2,0.15510204081632653
SBM,100,2,0,0.2383838383838384,0,0.23555555555555555
SBM,100,3,13,0.2069676355390641,0,0.2069676355390641
SBM,100,5,1,0.19555555555555557,0,0.19434343434343435
SBM,150,2,3,0.258255033557047,0,0.2596868008948546
SBM,150,3,2,0.229082774049217,0,0.22496644295302012
SBM,150,5,0,0.21100671140939598,1,0.22353467561521254
SBM,50,2,3,0.20244897959183675,13,0.18775510204081633
SBM,50,3,1,0.21099290780141844,3,0.20212765957446807
SBM,50,5,1,0.16326530612244897,11,0.15510204081632653
SBM,100,2,3,0.2496969696969697,1,0.2509090909090909
SBM,100,3,1,0.2168625025767883,0,0.20944135229849514
SBM,100,5,0,0.1923232323232323,1,0.19555555555555557
SBM,150,2,0,0.2621923937360179,0,0.2595078299776286
SBM,150,3,0,0.22997762863534676,1,0.2276510067114094
SBM,150,5,2,0.20885906040268457,5,0.2076062639821029
SBM,50,2,3,0.21551020408163266,3,0.2073469387755102
SBM,50,3,0,0.20212765957446807,0,0.19148936170212766
SBM,50,5,1,0.1469387755102041,0,0.13551020408163264
SBM,100,2,2,0.24888888888888888,7,0.24404040404040403
SBM,100,3,0,0.2160379303236446,4,0.21768707482993196
SBM,100,5,1,0.19111111111111112,6,0.1890909090909091
SBM,150,2,3,0.2670246085011186,0,0.2639821029082774
SBM,150,3,0,0.2319463087248322,0,0.2301565995525727
SBM,150,5,2,0.2076062639821029,1,0.21261744966442953
SBM,50,2,0,0.2236734693877551,0,0.2057142857142857
SBM,50,3,1,0.2074468085106383,3,0.19858156028368795
SBM,50,5,4,0.16,3,0.16
SBM,100,2,4,0.23636363636363636,9,0.23313131313131313
SBM,100,3,2,0.2077922077922078,0,0.20243248814677386
SBM,100,5,0,0.19515151515151516,2,0.19353535353535353
SBM,150,2,1,0.2629082774049217,0,0.2664876957494407
SBM,150,3,0,0.2459060402684564,0,0.2265771812080537
SBM,150,5,2,0.21046979865771812,0,0.2124384787472036
SBM,50,2,2,0.2612244897959184,3,0.21714285714285714
SBM,50,3,2,0.16312056737588654,8,0.18439716312056736
SBM,50,5,1,0.15346938775510205,1,0.15183673469387754
SBM,100,2,0,0.24686868686868688,0,0.24727272727272728
SBM,100,3,1,0.2341785198928056,0,0.21562564419707278
SBM,100,5,1,0.19272727272727272,0,0.18828282828282827
SBM,150,2,0,0.268993288590604,4,0.2620134228187919
SBM,150,3,0,0.22747203579418346,22,0.229082774049217
SBM,150,5,1,0.2124384787472036,0,0.22246085011185682
SBM,50,2,7,0.19918367346938776,0,0.19918367346938776
SBM,50,3,2,0.15425531914893617,24,0.13120567375886524
SBM,50,5,0,0.16,3,0.16163265306122448
SBM,100,2,0,0.24848484848484848,0,0.24525252525252525
SBM,100,3,1,0.21974850546279118,2,0.20119562976705835
SBM,100,5,0,0.18666666666666668,2,0.18626262626262627
SBM,150,2,0,0.2621923937360179,0,0.26308724832214764
SBM,150,3,6,0.2195973154362416,0,0.2156599552572707
SBM,150,5,1,0.21637583892617449,0,0.21369127516778524
SBM,50,2,2,0.2546938775510204,0,0.2057142857142857
SBM,50,3,0,0.19680851063829788,0,0.18971631205673758
SBM,50,5,0,0.15836734693877552,25,0.13224489795918368
SBM,100,2,0,0.24525252525252525,0,0.24242424242424243
SBM,100,3,2,0.22263450834879406,0,0.2209853638425067
SBM,100,5,0,0.19474747474747475,1,0.19393939393939394
SBM,150,2,1,0.2664876957494407,2,0.2668456375838926
SBM,150,3,0,0.2149440715883669,0,0.21100671140939598
SBM,150,5,0,0.21637583892617449,0,0.21619686800894855
SBM,50,2,0,0.2220408163265306,1,0.21387755102040817
SBM,50,3,17,0.14716312056737588,0,0.1773049645390071
SBM,50,5,2,0.14530612244897959,3,0.1436734693877551
SBM,100,2,0,0.24,0,0.24323232323232324
SBM,100,3,2,0.19501133786848074,0,0.19830962688105544
SBM,100,5,2,0.19515151515151516,0,0.18868686868686868
SBM,150,2,0,0.26308724832214764,4,0.2612975391498881
SBM,150,3,0,0.22926174496644294,0,0.22138702460850113
SBM,150,5,0,0.21548098434004473,1,0.20599552572706936
SBM,50,2,2,0.23346938775510204,0,0.2220408163265306
SBM,50,3,1,0.21453900709219859,24,0.13829787234042554
SBM,50,5,0,0.15020408163265306,1,0.1469387755102041
SBM,100,2,0,0.24363636363636362,0,0.24444444444444444
SBM,100,3,6,0.227994227994228,1,0.23871366728509585
SBM,100,5,0,0.19515151515151516,3,0.19474747474747475
SBM,150,2,0,0.25843400447427295,0,0.25914988814317674
SBM,150,3,0,0.2301565995525727,3,0.22586129753914988
SBM,150,5,0,0.21923937360178972,4,0.2156599552572707
SBM,50,2,0,0.19428571428571428,0,0.19428571428571428
SBM,50,3,1,0.21099290780141844,0,0.2074468085106383
SBM,50,5,1,0.15510204081632653,0,0.16163265306122448
SBM,100,2,1,0.25656565656565655,6,0.24646464646464647
SBM,100,3,0,0.21521335807050093,0,0.20408163265306123
SBM,100,5,3,0.18545454545454546,15,0.18424242424242424
SBM,150,2,0,0.2688143176733781,2,0.2670246085011186
SBM,150,3,0,0.25986577181208054,0,0.24
SBM,150,5,1,0.21637583892617449,2,0.21100671140939598
SBM,50,2,2,0.19755102040816327,3,0.19755102040816327
SBM,50,3,1,0.16134751773049646,1,0.16312056737588654
SBM,50,5,0,0.16163265306122448,1,0.15020408163265306
SBM,100,2,9,0.22585858585858587,0,0.23515151515151514
SBM,100,3,0,0.24984539270253556,1,0.22469593898165327
SBM,100,5,1,0.19434343434343435,3,0.2012121212121212
SBM,150,2,2,0.26541387024608504,0,0.2646979865771812
SBM,150,3,2,0.214586129753915,0,0.22138702460850113
SBM,150,5,0,0.20993288590604026,1,0.20187919463087248
SBM,50,2,2,0.21387755102040817,3,0.2057142857142857
SBM,50,3,1,0.18262411347517732,2,0.17907801418439717
SBM,50,5,1,0.156734693877551,0,0.16979591836734695
SBM,100,2,3,0.23717171717171717,1,0.23959595959595958
SBM,100,3,2,0.22964337250051536,1,0.20944135229849514
SBM,100,5,1,0.18666666666666668,4,0.1874747474747475
SBM,150,2,3,0.25718120805369127,6,0.25861297539149886
SBM,150,3,0,0.23069351230425056,1,0.2265771812080537
SBM,150,5,2,0.2149440715883669,1,0.218165548098434
SBM,50,2,1,0.2530612244897959,25,0.16
SBM,50,3,1,0.22163120567375885,1,0.20390070921985815
SBM,50,5,2,0.16326530612244897,2,0.15836734693877552
SBM,100,2,0,0.2412121212121212,5,0.24161616161616162
SBM,100,3,4,0.2057307771593486,1,0.23500309214594928
SBM,100,5,3,0.20323232323232324,0,0.20484848484848484
SBM,150,2,0,0.26093959731543626,0,0.2632662192393736
SBM,150,3,2,0.24411633109619688,2,0.2283668903803132
SBM,150,5,2,0.22532438478747205,0,0.2174496644295302
SBM,50,2,0,0.19755102040816327,0,0.21061224489795918
SBM,50,3,3,0.19858156028368795,24,0.13829787234042554
SBM,50,5,1,0.16,0,0.16816326530612244
SBM,100,2,0,0.24565656565656566,9,0.2404040404040404
SBM,100,3,3,0.23623995052566482,49,0.16532673675530818
SBM,100,5,1,0.2012121212121212,2,0.19717171717171716
SBM,150,2,8,0.26380313199105143,0,0.26308724832214764
SBM,150,3,3,0.22246085011185682,15,0.21315436241610738
SBM,150,5,1,0.20689038031319912,0,0.21190156599552573
SBM,50,2,0,0.22040816326530613,3,0.2089795918367347
SBM,50,3,12,0.15070921985815602,3,0.19148936170212766
SBM,50,5,2,0.14530612244897959,1,0.1469387755102041
SBM,100,2,1,0.24646464646464647,3,0.24808080808080807
SBM,100,3,3,0.2440733869305298,1,0.2490208204493919
SBM,100,5,0,0.19676767676767676,1,0.19474747474747475
SBM,150,2,0,0.26416107382550336,4,0.26559284116331094
SBM,150,3,0,0.22389261744966443,2,0.2371364653243848
SBM,150,5,1,0.21100671140939598,1,0.21583892617449665
SBM,50,2,0,0.21061224489795918,3,0.20081632653061224
SBM,50,3,3,0.15070921985815602,24,0.11347517730496454
SBM,50,5,0,0.156734693877551,6,0.14857142857142858
SBM,100,2,2,0.24242424242424243,0,0.24161616161616162
SBM,100,3,0,0.22387136672850957,4,0.2106782106782107
SBM,100,5,3,0.19313131313131313,4,0.18787878787878787
SBM,150,2,4,0.26917225950782997,3,0.2646979865771812
SBM,150,3,0,0.22514541387024609,1,0.229082774049217
SBM,150,5,1,0.21351230425055928,0,0.2174496644295302
SBM,50,2,0,0.23673469387755103,0,0.1893877551020408
SBM,50,3,2,0.20212765957446807,2,0.22695035460992907
SBM,50,5,1,0.1469387755102041,1,0.1469387755102041
SBM,100,2,2,0.2408080808080808,50,0.1874747474747475
SBM,100,3,2,0.2490208204493919,0,0.21150278293135436
SBM,100,5,1,0.20202020202020202,7,0.19797979797979798
SBM,150,2,3,0.26237136465324384,7,0.26416107382550336
SBM,150,3,2,0.2294407158836689,0,0.23302013422818793
SBM,150,5,0,0.22246085011185682,2,0.22228187919463088
SBM,50,2,2,0.21387755102040817,1,0.21224489795918366
SBM,50,3,1,0.2127659574468085,3,0.19858156028368795
SBM,50,5,0,0.16816326530612244,0,0.17469387755102042
SBM,100,2,2,0.2408080808080808,0,0.24686868686868688
SBM,100,3,0,0.21480107194392908,3,0.20366934652648938
SBM,100,5,3,0.1923232323232323,12,0.19393939393939394
SBM,150,2,0,0.2621923937360179,4,0.258255033557047
SBM,150,3,4,0.22228187919463088,6,0.22317673378076064
SBM,150,5,2,0.21333333333333335,0,0.21727069351230424
SBM,50,2,0,0.24816326530612245,3,0.20408163265306123
SBM,50,3,1,0.1950354609929078,0,0.16843971631205673
SBM,50,5,1,0.15836734693877552,6,0.13551020408163264
SBM,100,2,0,0.24646464646464647,2,0.24646464646464647
SBM,100,3,9,0.20408163265306123,2,0.21933621933621933
SBM,100,5,2,0.19555555555555557,2,0.19555555555555557
SBM,150,2,0,0.2621923937360179,0,0.26380313199105143
SBM,150,3,0,0.2269351230425056,0,0.22782997762863536
SBM,150,5,1,0.2124384787472036,5,0.20778523489932885
SBM,50,2,6,0.20244897959183675,0,0.2236734693877551
SBM,50,3,0,0.18971631205673758,0,0.19858156028368795
SBM,50,5,0,0.15020408163265306,1,0.13551020408163264
SBM,100,2,1,0.23474747474747476,1,0.2319191919191919
SBM,100,3,0,0.25396825396825395,0,0.24036281179138322
SBM,100,5,0,0.19393939393939394,0,0.19434343434343435
SBM,150,2,0,0.26612975391498883,0,0.26738255033557046
SBM,150,3,3,0.2305145413870246,2,0.22568232662192395
SBM,150,5,0,0.21225950782997763,1,0.21333333333333335
SBM,50,2,1,0.19755102040816327,14,0.19755102040816327
SBM,50,3,1,0.19858156028368795,4,0.1879432624113475
SBM,50,5,0,0.1730612244897959,8,0.16
SBM,100,2,0,0.24,0,0.2391919191919192
SBM,100,3,1,0.21315192743764172,0,0.21851164708307566
SBM,100,5,0,0.20606060606060606,0,0.1995959595959596
SBM,150,2,0,0.2621923937360179,2,0.2632662192393736
SBM,150,3,0,0.2199552572706935,1,0.26022371364653246
SBM,150,5,0,0.21923937360178972,2,0.22425055928411633
SBM,50,2,0,0.20408163265306123,7,0.20081632653061224
SBM,50,3,1,0.1950354609929078,13,0.1773049645390071
SBM,50,5,0,0.16163265306122448,1,0.15183673469387754
SBM,100,2,0,0.2408080808080808,0,0.2412121212121212
SBM,100,3,1,0.2160379303236446,0,0.23995052566481137
SBM,100,5,0,0.20484848484848484,3,0.20646464646464646
SBM,150,2,0,0.2620134228187919,1,0.26559284116331094
SBM,150,3,0,0.22281879194630871,2,0.21906040268456375
SBM,150,5,0,0.2178076062639821,0,0.21655480984340045
SBM,50,2,2,0.20408163265306123,1,0.2530612244897959
SBM,50,3,0,0.18439716312056736,0,0.18262411347517732
SBM,50,5,2,0.15346938775510205,0,0.14530612244897959
SBM,100,2,3,0.23515151515151514,1,0.2391919191919192
SBM,100,3,2,0.21315192743764172,2,0.21356421356421357
SBM,100,5,0,0.19111111111111112,2,0.1907070707070707
SBM,150,2,0,0.2600447427293065,6,0.25592841163310964
SBM,150,3,0,0.21583892617449665,1,0.21315436241610738
SBM,150,5,2,0.21118568232662194,2,0.20921700223713646
SBM,50,2,0,0.2073469387755102,0,0.26448979591836735
SBM,50,3,1,0.21808510638297873,1,0.16666666666666666
SBM,50,5,1,0.16653061224489796,3,0.15020408163265306
SBM,100,2,1,0.258989898989899,0,0.24848484848484848
SBM,100,3,0,0.2106782106782107,1,0.2028447742733457
SBM,100,5,1,0.20727272727272728,1,0.20404040404040405
SBM,150,2,3,0.26165548098434005,0,0.26058165548098433
SBM,150,3,0,0.22281879194630871,0,0.22049217002237137
SBM,150,5,0,0.21082774049217,1,0.20742729306487695
SBM,50,2,0,0.2057142857142857,0,0.19591836734693877
SBM,50,3,0,0.20567375886524822,4,0.16843971631205673
SBM,50,5,1,0.15836734693877552,3,0.15836734693877552
SBM,100,2,4,0.24202020202020202,1,0.2509090909090909
SBM,100,3,2,0.23129251700680273,6,0.1999587713873428
SBM,100,5,0,0.1987878787878788,1,0.19636363636363635
SBM,150,2,0,0.26022371364653246,1,0.2614765100671141
SBM,150,3,0,0.24948545861297539,4,0.22460850111856823
SBM,150,5,0,0.2149440715883669,3,0.2127964205816555
SBM,50,2,0,0.24489795918367346,0,0.18285714285714286
SBM,50,3,1,0.20567375886524822,0,0.20567375886524822
SBM,50,5,0,0.15836734693877552,0,0.156734693877551
SBM,100,2,2,0.24646464646464647,0,0.24606060606060606
SBM,100,3,2,0.23953823953823955,0,0.24654710368996083
SBM,100,5,0,0.1890909090909091,2,0.1898989898989899
SBM,150,2,5,0.2643400447427293,0,0.2639821029082774
SBM,150,3,0,0.2276510067114094,2,0.22514541387024609
SBM,150,5,3,0.21387024608501118,0,0.20492170022371364
SBM,50,2,1,0.21551020408163266,0,0.24
SBM,50,3,0,0.20921985815602837,0,0.18085106382978725
SBM,50,5,0,0.16326530612244897,0,0.17142857142857143
SBM,100,2,0,0.24202020202020202,48,0.19838383838383838
SBM,100,3,0,0.20614306328592044,1,0.2119150690579262
SBM,100,5,0,0.2008080808080808,6,0.20363636363636364
SBM,150,2,2,0.26237136465324384,0,0.2611185682326622
SBM,150,3,1,0.22210290827740492,4,0.22210290827740492
SBM,150,5,2,0.21064876957494408,0,0.20724832214765102
SBM,50,2,8,0.21224489795918366,1,0.2236734693877551
SBM,50,3,1,0.14716312056737588,0,0.16666666666666666
SBM,50,5,0,0.1436734693877551,0,0.13877551020408163
SBM,100,2,1,0.23959595959595958,0,0.23757575757575758
SBM,100,3,0,0.21315192743764172,0,0.21232735518449805
SBM,100,5,2,0.1995959595959596,1,0.1987878787878788
SBM,150,2,0,0.2713199105145414,4,0.26738255033557046
SBM,150,3,0,0.229082774049217,1,0.2682774049217002
SBM,150,5,4,0.2156599552572707,2,0.2174496644295302
SBM,50,2,9,0.18612244897959185,3,0.21551020408163266
SBM,50,3,1,0.18085106382978725,2,0.16666666666666666
SBM,50,5,3,0.156734693877551,2,0.15346938775510205
SBM,100,2,0,0.24686868686868688,3,0.29494949494949496
SBM,100,3,1,0.24366110080395795,1,0.22469593898165327
SBM,100,5,2,0.20282828282828283,1,0.20282828282828283
SBM,150,2,1,0.2639821029082774,8,0.2643400447427293
SBM,150,3,0,0.21798657718120806,6,0.2195973154362416
SBM,150,5,2,0.21691275167785234,1,0.21100671140939598
SBM,50,2,1,0.20244897959183675,0,0.2089795918367347
SBM,50,3,2,0.16134751773049646,6,0.16489361702127658
SBM,50,5,0,0.15836734693877552,0,0.16326530612244897
SBM,100,2,1,0.24808080808080807,0,0.24404040404040403
SBM,100,3,0,0.2209853638425067,2,0.21562564419707278
SBM,100,5,0,0.2,1,0.19272727272727272
SBM,150,2,0,0.2695302013422819,0,0.26970917225950786
SBM,150,3,1,0.22353467561521254,2,0.22926174496644294
SBM,150,5,0,0.21619686800894855,0,0.2178076062639821
SBM,50,2,1,0.2220408163265306,0,0.22040816326530613
SBM,50,3,6,0.19858156028368795,0,0.1702127659574468
SBM,50,5,1,0.18285714285714286,6,0.16653061224489796
SBM,100,2,6,0.23959595959595958,0,0.24242424242424243
SBM,100,3,0,0.24283652855081425,0,0.2168625025767883
SBM,100,5,0,0.2016161616161616,0,0.20040404040404042
SBM,150,2,2,0.26344519015659956,0,0.25914988814317674
SBM,150,3,0,0.26272930648769577,0,0.22997762863534676
SBM,150,5,2,0.21208053691275167,2,0.2083221476510067
SBM,50,2,0,0.1926530612244898,12,0.17959183673469387
SBM,50,3,0,0.18971631205673758,3,0.16134751773049646
SBM,50,5,0,0.18285714285714286,0,0.17142857142857143
SBM,100,2,3,0.2501010101010101,1,0.24242424242424243
SBM,100,3,2,0.2209853638425067,4,0.22881880024737167
SBM,100,5,0,0.19272727272727272,5,0.18222222222222223
SBM,150,2,2,0.2636241610738255,0,0.26380313199105143
SBM,150,3,0,0.22460850111856823,1,0.22460850111856823
SBM,150,5,0,0.21100671140939598,0,0.20563758389261744
SBM,50,2,0,0.24979591836734694,0,0.21877551020408162
SBM,50,3,1,0.1702127659574468,0,0.17375886524822695
SBM,50,5,0,0.16,2,0.15510204081632653
SBM,100,2,1,0.24727272727272728,2,0.2391919191919192
SBM,100,3,3,0.21438878581735724,1,0.2168625025767883
SBM,100,5,8,0.17898989898989898,5,0.18505050505050505
SBM,150,2,0,0.25843400447427295,0,0.2596868008948546
SBM,150,3,0,0.22586129753914988,1,0.22263982102908278
SBM,150,5,2,0.21619686800894855,0,0.2199552572706935
SBM,50,2,1,0.2089795918367347,0,0.19755102040816327
SBM,50,3,5,0.17907801418439717,0,0.17375886524822695
SBM,50,5,1,0.16489795918367348,1,0.16326530612244897
SBM,100,2,0,0.24484848484848484,1,0.24323232323232324
SBM,100,3,1,0.238301381158524,1,0.21438878581735724
SBM,100,5,0,0.20282828282828283,4,0.2
SBM,150,2,1,0.26935123042505593,0,0.26541387024608504
SBM,150,3,3,0.22568232662192395,3,0.22299776286353468
SBM,150,5,0,0.22085011185682327,2,0.21727069351230424
SBM,50,2,2,0.20408163265306123,4,0.2057142857142857
SBM,50,3,0,0.18971631205673758,2,0.19858156028368795
SBM,50,5,4,0.1404081632653061,9,0.1436734693877551
SBM,100,2,1,0.25535353535353533,6,0.24484848484848484
SBM,100,3,0,0.21521335807050093,0,0.23459080601937746
SBM,100,5,1,0.20040404040404042,9,0.19555555555555557
SBM,150,2,1,0.2688143176733781,5,0.2670246085011186
SBM,150,3,0,0.2305145413870246,0,0.2570022371364653
SBM,150,5,0,0.22192393736017896,0,0.2086800894854586
SBM,50,2,1,0.22693877551020408,3,0.21714285714285714
SBM,50,3,24,0.13829787234042554,1,0.20035460992907803
SBM,50,5,4,0.156734693877551,6,0.15020408163265306
SBM,100,2,0,0.24242424242424243,0,0.24606060606060606
SBM,100,3,2,0.20614306328592044,49,0.1797567511853226
SBM,100,5,0,0.18181818181818182,0,0.19353535353535353
SBM,150,2,0,0.25843400447427295,0,0.2645190156599553
SBM,150,3,0,0.22299776286353468,1,0.22425055928411633
SBM,150,5,0,0.21225950782997763,1,0.2160178970917226
SBM,50,2,0,0.2220408163265306,3,0.2057142857142857
SBM,50,3,2,0.18617021276595744,1,0.18971631205673758
SBM,50,5,3,0.16489795918367348,1,0.15510204081632653
SBM,100,2,1,0.24323232323232324,2,0.24888888888888888
SBM,100,3,2,0.22923108637394352,49,0.1673881673881674
SBM,100,5,1,0.20242424242424242,2,0.20363636363636364
SBM,150,2,5,0.26272930648769577,0,0.26970917225950786
SBM,150,3,4,0.22192393736017896,0,0.25592841163310964
SBM,150,5,1,0.21208053691275167,2,0.21208053691275167
