type,vertex_count,block_count,new_fp,new_energy,half_fp,half_energy,zero_fp,zero_energy
SBM,50,2,0,0.23020408163265307,2,0.20408163265306123,0,0.19591836734693877
SBM,50,3,0,0.18617021276595744,0,0.2127659574468085,0,0.19326241134751773
SBM,50,5,5,0.15346938775510205,3,0.15183673469387754,0,0.15836734693877552
SBM,100,2,1,0.24242424242424243,3,0.2391919191919192,0,0.24202020202020202
SBM,100,3,2,0.23170480313337455,0,0.21768707482993196,0,0.23541537827252113
SBM,100,5,0,0.1898989898989899,0,0.18707070707070708,0,0.18828282828282827
SBM,150,2,0,0.26487695749440715,0,0.2632662192393736,0,0.26487695749440715
SBM,150,3,0,0.22514541387024609,0,0.25431767337807604,0,0.22621923937360178
SBM,150,5,1,0.21548098434004473,3,0.21512304250559283,0,0.2149440715883669
SBM,50,2,0,0.2089795918367347,0,0.24816326530612245,0,0.21061224489795918
SBM,50,3,19,0.14184397163120568,0,0.20567375886524822,0,0.2127659574468085
SBM,50,5,0,0.15183673469387754,0,0.156734693877551,0,0.15836734693877552
SBM,100,2,0,0.23676767676767677,0,0.2391919191919192,0,0.2896969696969697
SBM,100,3,1,0.2007833436404865,9,0.19748505462791177,0,0.22387136672850957
SBM,100,5,1,0.19595959595959597,1,0.19313131313131313,0,0.19111111111111112
SBM,150,2,0,0.26666666666666666,6,0.2646979865771812,0,0.2668456375838926
SBM,150,3,1,0.24626398210290829,1,0.22460850111856823,0,0.24715883668903804
SBM,150,5,1,0.21118568232662194,3,0.21046979865771812,0,0.21154362416107383
SBM,50,2,14,0.2057142857142857,0,0.21224489795918366,0,0.24816326530612245
SBM,50,3,0,0.20390070921985815,24,0.14184397163120568,0,0.20212765957446807
SBM,50,5,0,0.16163265306122448,1,0.1763265306122449,0,0.1763265306122449
SBM,100,2,0,0.2391919191919192,1,0.23959595959595958,0,0.2383838383838384
SBM,100,3,0,0.20944135229849514,3,0.2110904968047825,0,0.21397649969078542
SBM,100,5,0,0.1903030303030303,5,0.19353535353535353,0,0.19717171717171716
SBM,150,2,1,0.2625503355704698,1,0.2643400447427293,0,0.2614765100671141
SBM,150,3,1,0.22085011185682327,1,0.26040268456375837,0,0.2276510067114094
SBM,150,5,1,0.2178076062639821,0,0.20975391498881432,0,0.21082774049217
SBM,50,2,0,0.2073469387755102,0,0.22040816326530613,0,0.20244897959183675
SBM,50,3,3,0.15780141843971632,6,0.1595744680851064,0,0.17198581560283688
SBM,50,5,0,0.1730612244897959,2,0.16653061224489796,0,0.16
SBM,100,2,0,0.24484848484848484,5,0.24242424242424243,0,0.24606060606060606
SBM,100,3,0,0.24118738404452691,4,0.23170480313337455,0,0.21974850546279118
SBM,100,5,1,0.19555555555555557,1,0.19717171717171716,0,0.19797979797979798
SBM,150,2,2,0.26093959731543626,1,0.2570022371364653,0,0.26040268456375837
SBM,150,3,0,0.229082774049217,1,0.22711409395973153,0,0.2410738255033557
SBM,150,5,0,0.21082774049217,0,0.2083221476510067,0,0.20957494407158836
SBM,50,2,0,0.2563265306122449,2,0.24816326530612245,0,0.21224489795918366
SBM,50,3,11,0.17375886524822695,1,0.19858156028368795,0,0.19680851063829788
SBM,50,5,0,0.15510204081632653,5,0.15183673469387754,0,0.156734693877551
SBM,100,2,12,0.24202020202020202,0,0.24727272727272728,0,0.24242424242424243
SBM,100,3,7,0.19954648526077098,0,0.21232735518449805,0,0.20449391877963308
SBM,100,5,1,0.19313131313131313,1,0.19272727272727272,0,0.19313131313131313
SBM,150,2,0,0.26093959731543626,0,0.26541387024608504,0,0.26559284116331094
SBM,150,3,0,0.22550335570469798,0,0.22532438478747205,0,0.2203131991051454
SBM,150,5,4,0.2170917225950783,0,0.21387024608501118,0,0.20850111856823267
SBM,50,2,1,0.24489795918367346,5,0.18612244897959185,0,0.20408163265306123
SBM,50,3,0,0.20567375886524822,2,0.20390070921985815,0,0.2322695035460993
SBM,50,5,4,0.16163265306122448,2,0.14857142857142858,0,0.15510204081632653
SBM,100,2,5,0.24646464646464647,6,0.23797979797979799,0,0.24323232323232324
SBM,100,3,2,0.20325706039991753,0,0.23541537827252113,0,0.22469593898165327
SBM,100,5,3,0.19474747474747475,2,0.19636363636363635,0,0.2008080808080808
SBM,150,2,0,0.25789709172259506,0,0.261834451901566,0,0.2614765100671141
SBM,150,3,7,0.21977628635346755,0,0.23337807606263983,0,0.2206711409395973
SBM,150,5,0,0.2170917225950783,0,0.2174496644295302,0,0.21046979865771812
SBM,50,2,1,0.2563265306122449,9,0.21877551020408162,0,0.21224489795918366
SBM,50,3,5,0.1950354609929078,5,0.18085106382978725,0,0.18439716312056736
SBM,50,5,0,0.16326530612244897,3,0.17142857142857143,0,0.1730612244897959
SBM,100,2,1,0.2501010101010101,4,0.24808080808080807,0,0.24888888888888888
SBM,100,3,0,0.23046794475365903,3,0.2271696557410843,0,0.238301381158524
SBM,100,5,1,0.2008080808080808,2,0.19595959595959597,0,0.19151515151515153
SBM,150,2,4,0.27060402684563756,6,0.27221476510067116,0,0.2688143176733781
SBM,150,3,16,0.22174496644295302,0,0.2244295302013423,0,0.22425055928411633
SBM,150,5,1,0.22174496644295302,3,0.22156599552572706,0,0.22085011185682327
SBM,50,2,0,0.2057142857142857,0,0.25142857142857145,0,0.20081632653061224
SBM,50,3,2,0.15070921985815602,1,0.15602836879432624,0,0.14716312056737588
SBM,50,5,10,0.13387755102040816,5,0.13877551020408163,0,0.1404081632653061
SBM,100,2,0,0.2387878787878788,5,0.23797979797979799,0,0.24444444444444444
SBM,100,3,2,0.19501133786848074,1,0.22057307771593485,0,0.20902906617192332
SBM,100,5,2,0.19515151515151516,5,0.19353535353535353,0,0.1991919191919192
SBM,150,2,0,0.26612975391498883,0,0.2614765100671141,0,0.3182102908277405
SBM,150,3,3,0.23534675615212527,0,0.2532438478747204,0,0.22818791946308725
SBM,150,5,1,0.21727069351230424,2,0.2160178970917226,0,0.218165548098434
SBM,50,2,0,0.19591836734693877,0,0.19755102040816327,0,0.19918367346938776
SBM,50,3,3,0.17907801418439717,2,0.20921985815602837,0,0.18262411347517732
SBM,50,5,8,0.15020408163265306,0,0.15836734693877552,0,0.16489795918367348
SBM,100,2,0,0.23676767676767677,0,0.2404040404040404,0,0.2391919191919192
SBM,100,3,1,0.2271696557410843,1,0.22510822510822512,0,0.2552051123479695
SBM,100,5,0,0.19676767676767676,1,0.20282828282828283,0,0.19353535353535353
SBM,150,2,4,0.2625503355704698,2,0.26040268456375837,0,0.2596868008948546
SBM,150,3,2,0.2272930648769575,9,0.22568232662192395,0,0.22263982102908278
SBM,150,5,0,0.20187919463087248,1,0.20742729306487695,0,0.20993288590604026
SBM,50,2,0,0.19591836734693877,0,0.21714285714285714,0,0.2073469387755102
SBM,50,3,1,0.1950354609929078,0,0.18262411347517732,0,0.21631205673758866
SBM,50,5,0,0.14857142857142858,2,0.16,0,0.15836734693877552
SBM,100,2,0,0.2492929292929293,0,0.24606060606060606,0,0.24606060606060606
SBM,100,3,4,0.24077509791795507,0,0.22263450834879406,0,0.24778396206967634
SBM,100,5,0,0.21171717171717172,1,0.20323232323232324,0,0.20565656565656565
SBM,150,2,0,0.26308724832214764,4,0.26559284116331094,0,0.26272930648769577
SBM,150,3,2,0.22335570469798657,2,0.2564653243847875,0,0.21941834451901565
SBM,150,5,3,0.20599552572706936,3,0.20706935123042505,0,0.20975391498881432
SBM,50,2,0,0.18775510204081633,0,0.1910204081632653,0,0.19918367346938776
SBM,50,3,14,0.1773049645390071,2,0.20921985815602837,0,0.1950354609929078
SBM,50,5,5,0.17469387755102042,0,0.16326530612244897,0,0.16816326530612244
SBM,100,2,0,0.24606060606060606,0,0.24282828282828284,0,0.24404040404040403
SBM,100,3,9,0.2077922077922078,5,0.22758194186765615,0,0.20944135229849514
SBM,100,5,1,0.19797979797979798,4,0.1987878787878788,0,0.19676767676767676
SBM,150,2,6,0.26487695749440715,0,0.2646979865771812,0,0.2650559284116331
SBM,150,3,0,0.21888143176733782,3,0.22013422818791947,0,0.21637583892617449
SBM,150,5,3,0.21297539149888142,1,0.21190156599552573,0,0.2153020134228188
SBM,50,2,10,0.18612244897959185,2,0.20081632653061224,0,0.2057142857142857
SBM,50,3,0,0.17907801418439717,0,0.18971631205673758,0,0.20035460992907803
SBM,50,5,0,0.15510204081632653,0,0.15020408163265306,0,0.14857142857142858
SBM,100,2,0,0.23636363636363636,0,0.2391919191919192,0,0.23313131313131313
SBM,100,3,0,0.2069676355390641,0,0.21397649969078542,0,0.238301381158524
SBM,100,5,1,0.1894949494949495,2,0.19797979797979798,0,0.19474747474747475
SBM,150,2,0,0.2607606263982103,4,0.2614765100671141,0,0.2645190156599553
SBM,150,3,10,0.22335570469798657,0,0.22890380313199105,0,0.22675615212527964
SBM,150,5,1,0.2160178970917226,2,0.2170917225950783,0,0.21387024608501118
SBM,50,2,0,0.19755102040816327,0,0.2057142857142857,0,0.20244897959183675
SBM,50,3,1,0.19680851063829788,0,0.22340425531914893,0,0.21631205673758866
SBM,50,5,3,0.16,1,0.16,0,0.16489795918367348
SBM,100,2,0,0.2496969696969697,0,0.25212121212121213,0,0.24565656565656566
SBM,100,3,0,0.1999587713873428,0,0.2069676355390641,0,0.20944135229849514
SBM,100,5,1,0.19636363636363635,0,0.19636363636363635,0,0.19555555555555557
SBM,150,2,0,0.2595078299776286,0,0.2589709172259508,0,0.26344519015659956
SBM,150,3,2,0.22085011185682327,0,0.21888143176733782,0,0.22389261744966443
SBM,150,5,0,0.20689038031319912,0,0.2051006711409396,0,0.20599552572706936
SBM,50,2,0,0.24326530612244898,0,0.21387755102040817,0,0.21224489795918366
SBM,50,3,0,0.19326241134751773,1,0.18085106382978725,0,0.19148936170212766
SBM,50,5,1,0.1436734693877551,1,0.15183673469387754,0,0.14530612244897959
SBM,100,2,0,0.24848484848484848,0,0.24808080808080807,0,0.2496969696969697
SBM,100,3,0,0.23046794475365903,0,0.21480107194392908,0,0.24737167594310452
SBM,100,5,0,0.19838383838383838,1,0.2008080808080808,0,0.19434343434343435
SBM,150,2,0,0.26058165548098433,0,0.2552125279642058,0,0.258076062639821
SBM,150,3,0,0.21941834451901565,2,0.26237136465324384,0,0.22639821029082774
SBM,150,5,2,0.214586129753915,0,0.21727069351230424,0,0.21422818791946308
SBM,50,2,0,0.19591836734693877,0,0.19755102040816327,0,0.2073469387755102
SBM,50,3,3,0.20567375886524822,1,0.19680851063829788,0,0.21631205673758866
SBM,50,5,2,0.16163265306122448,4,0.15836734693877552,0,0.15836734693877552
SBM,100,2,0,0.23717171717171717,0,0.2383838383838384,0,0.24606060606060606
SBM,100,3,9,0.2028447742733457,0,0.22469593898165327,0,0.20325706039991753
SBM,100,5,0,0.19515151515151516,1,0.19555555555555557,0,0.20242424242424242
SBM,150,2,0,0.258255033557047,0,0.2570022371364653,0,0.2607606263982103
SBM,150,3,1,0.22604026845637584,6,0.22747203579418346,0,0.22550335570469798
SBM,150,5,0,0.20975391498881432,1,0.22246085011185682,0,0.21082774049217
SBM,50,2,0,0.19591836734693877,0,0.1926530612244898,0,0.19428571428571428
SBM,50,3,1,0.1773049645390071,4,0.16843971631205673,0,0.17375886524822695
SBM,50,5,5,0.1469387755102041,3,0.15020408163265306,0,0.15020408163265306
SBM,100,2,6,0.2387878787878788,0,0.2412121212121212,0,0.29292929292929293
SBM,100,3,1,0.23871366728509585,0,0.20820449391877963,0,0.24118738404452691
SBM,100,5,1,0.2008080808080808,1,0.19474747474747475,0,0.2016161616161616
SBM,150,2,0,0.2612975391498881,0,0.2614765100671141,0,0.2645190156599553
SBM,150,3,0,0.2206711409395973,0,0.22514541387024609,0,0.22246085011185682
SBM,150,5,0,0.21225950782997763,0,0.20241610738255034,0,0.21387024608501118
SBM,50,2,7,0.21551020408163266,1,0.2677551020408163,0,0.21877551020408162
SBM,50,3,0,0.19148936170212766,0,0.19858156028368795,0,0.18971631205673758
SBM,50,5,6,0.16163265306122448,0,0.16979591836734695,0,0.16489795918367348
SBM,100,2,0,0.2404040404040404,13,0.23797979797979799,0,0.2412121212121212
SBM,100,3,1,0.2119150690579262,2,0.2370645227788085,0,0.22057307771593485
SBM,100,5,1,0.19676767676767676,2,0.2012121212121212,0,0.19595959595959597
SBM,150,2,2,0.258076062639821,3,0.25592841163310964,0,0.25467561521252796
SBM,150,3,0,0.2323042505592841,0,0.22049217002237137,0,0.22389261744966443
SBM,150,5,4,0.2167337807606264,1,0.22120805369127516,0,0.21440715883668904
SBM,50,2,0,0.2057142857142857,0,0.21387755102040817,0,0.21387755102040817
SBM,50,3,0,0.20390070921985815,2,0.19148936170212766,0,0.18617021276595744
SBM,50,5,2,0.16,2,0.16,0,0.15836734693877552
SBM,100,2,1,0.24363636363636362,14,0.2404040404040404,0,0.2476767676767677
SBM,100,3,0,0.20902906617192332,2,0.2189239332096475,0,0.21397649969078542
SBM,100,5,1,0.19555555555555557,2,0.1919191919191919,0,0.1987878787878788
SBM,150,2,0,0.2596868008948546,3,0.2639821029082774,0,0.26237136465324384
SBM,150,3,1,0.22049217002237137,1,0.22711409395973153,0,0.22138702460850113
SBM,150,5,4,0.21011185682326622,1,0.21100671140939598,0,0.21029082774049218
SBM,50,2,3,0.2073469387755102,25,0.16489795918367348,0,0.19428571428571428
SBM,50,3,1,0.18439716312056736,2,0.18617021276595744,0,0.19148936170212766
SBM,50,5,0,0.16816326530612244,0,0.16326530612244897,0,0.16489795918367348
SBM,100,2,0,0.23797979797979799,0,0.24484848484848484,0,0.2412121212121212
SBM,100,3,2,0.20243248814677386,3,0.2028447742733457,0,0.20366934652648938
SBM,100,5,0,0.20565656565656565,0,0.19797979797979798,0,0.20404040404040405
SBM,150,2,0,0.26487695749440715,0,0.26559284116331094,0,0.2675615212527964
SBM,150,3,1,0.24161073825503357,9,0.22675615212527964,0,0.2305145413870246
SBM,150,5,4,0.214586129753915,1,0.2160178970917226,0,0.21583892617449665
SBM,50,2,0,0.21224489795918366,0,0.22040816326530613,0,0.21877551020408162
SBM,50,3,0,0.1773049645390071,0,0.1702127659574468,0,0.1879432624113475
SBM,50,5,1,0.16326530612244897,2,0.15346938775510205,0,0.15183673469387754
SBM,100,2,0,0.24202020202020202,1,0.2387878787878788,0,0.23474747474747476
SBM,100,3,0,0.209853638425067,1,0.23665223665223664,0,0.2119150690579262
SBM,100,5,2,0.1991919191919192,0,0.2012121212121212,0,0.19717171717171716
SBM,150,2,1,0.26237136465324384,0,0.25789709172259506,0,0.2639821029082774
SBM,150,3,0,0.22407158836689037,0,0.2244295302013423,0,0.23659955257270693
SBM,150,5,1,0.21440715883668904,1,0.2086800894854586,0,0.20885906040268457
SBM,50,2,2,0.21061224489795918,0,0.20408163265306123,0,0.2057142857142857
SBM,50,3,1,0.15780141843971632,1,0.16489361702127658,0,0.17375886524822695
SBM,50,5,1,0.16653061224489796,7,0.16326530612244897,0,0.17469387755102042
SBM,100,2,0,0.24525252525252525,0,0.2492929292929293,0,0.24565656565656566
SBM,100,3,0,0.2510822510822511,0,0.23500309214594928,0,0.21768707482993196
SBM,100,5,2,0.20444444444444446,0,0.20363636363636364,0,0.2084848484848485
SBM,150,2,0,0.2650559284116331,0,0.26738255033557046,0,0.26237136465324384
SBM,150,3,0,0.2206711409395973,1,0.22371364653243847,0,0.22263982102908278
SBM,150,5,2,0.21762863534675614,1,0.21691275167785234,0,0.21583892617449665
SBM,50,2,0,0.20244897959183675,0,0.20244897959183675,0,0.2057142857142857
SBM,50,3,5,0.18085106382978725,2,0.20212765957446807,0,0.1773049645390071
SBM,50,5,2,0.15510204081632653,1,0.15020408163265306,0,0.1469387755102041
SBM,100,2,3,0.23797979797979799,7,0.2404040404040404,0,0.24202020202020202
SBM,100,3,0,0.24654710368996083,1,0.22345908060193775,0,0.23953823953823955
SBM,100,5,2,0.19353535353535353,0,0.1923232323232323,0,0.19111111111111112
SBM,150,2,0,0.26165548098434005,0,0.2611185682326622,0,0.26595078299776287
SBM,150,3,0,0.21834451901565996,1,0.22085011185682327,0,0.22246085011185682
SBM,150,5,5,0.20939597315436242,0,0.2083221476510067,0,0.20975391498881432
SBM,50,2,2,0.21061224489795918,1,0.21224489795918366,0,0.2236734693877551
SBM,50,3,0,0.21453900709219859,2,0.1950354609929078,0,0.2127659574468085
SBM,50,5,2,0.17142857142857143,9,0.16489795918367348,0,0.17469387755102042
SBM,100,2,1,0.2408080808080808,0,0.2408080808080808,0,0.2383838383838384
SBM,100,3,10,0.21273964131106987,0,0.21397649969078542,0,0.22263450834879406
SBM,100,5,2,0.19636363636363635,0,0.19111111111111112,0,0.19434343434343435
SBM,150,2,0,0.2629082774049217,6,0.2636241610738255,0,0.2731096196868009
SBM,150,3,0,0.23624161073825503,1,0.261834451901566,0,0.26595078299776287
SBM,150,5,1,0.21333333333333335,1,0.20742729306487695,0,0.21082774049217
SBM,50,2,0,0.20408163265306123,0,0.2073469387755102,0,0.20408163265306123
SBM,50,3,0,0.1595744680851064,0,0.20035460992907803,0,0.19858156028368795
SBM,50,5,1,0.13877551020408163,3,0.15020408163265306,0,0.15020408163265306
SBM,100,2,0,0.2408080808080808,3,0.24525252525252525,0,0.25252525252525254
SBM,100,3,0,0.22139764996907854,0,0.2119150690579262,0,0.24737167594310452
SBM,100,5,1,0.1995959595959596,5,0.20767676767676768,0,0.20323232323232324
SBM,150,2,2,0.2625503355704698,0,0.2611185682326622,0,0.26380313199105143
SBM,150,3,0,0.2195973154362416,2,0.24644295302013422,0,0.21727069351230424
SBM,150,5,1,0.21029082774049218,0,0.20778523489932885,0,0.21208053691275167
SBM,50,2,2,0.19918367346938776,0,0.21224489795918366,0,0.20244897959183675
SBM,50,3,0,0.22163120567375885,1,0.21631205673758866,0,0.22340425531914893
SBM,50,5,2,0.1436734693877551,0,0.15183673469387754,0,0.14204081632653062
SBM,100,2,0,0.24646464646464647,50,0.1923232323232323,0,0.24202020202020202
SBM,100,3,1,0.227994227994228,0,0.2209853638425067,0,0.19748505462791177
SBM,100,5,1,0.1907070707070707,3,0.19151515151515153,0,0.19272727272727272
SBM,150,2,0,0.26022371364653246,0,0.2625503355704698,0,0.2593288590604027
SBM,150,3,3,0.26040268456375837,0,0.24340044742729305,0,0.2283668903803132
SBM,150,5,0,0.21583892617449665,0,0.2185234899328859,0,0.21512304250559283
SBM,50,2,0,0.19591836734693877,2,0.19591836734693877,0,0.20081632653061224
SBM,50,3,1,0.19326241134751773,0,0.1950354609929078,0,0.20035460992907803
SBM,50,5,1,0.15346938775510205,1,0.14530612244897959,0,0.15020408163265306
SBM,100,2,0,0.2404040404040404,1,0.24,0,0.2391919191919192
SBM,100,3,0,0.22923108637394352,0,0.22387136672850957,0,0.21480107194392908
SBM,100,5,0,0.19111111111111112,1,0.1874747474747475,0,0.18868686868686868
SBM,150,2,0,0.2587919463087248,4,0.2555704697986577,0,0.2570022371364653
SBM,150,3,0,0.2548545861297539,3,0.22639821029082774,0,0.22210290827740492
SBM,150,5,3,0.21637583892617449,2,0.21154362416107383,0,0.218165548098434
SBM,50,2,2,0.21387755102040817,0,0.2089795918367347,0,0.23346938775510204
SBM,50,3,3,0.19858156028368795,3,0.1950354609929078,0,0.20035460992907803
SBM,50,5,0,0.15510204081632653,2,0.15020408163265306,0,0.15183673469387754
SBM,100,2,2,0.2383838383838384,0,0.23797979797979799,0,0.24525252525252525
SBM,100,3,11,0.22057307771593485,2,0.2057307771593486,0,0.21562564419707278
SBM,100,5,1,0.19797979797979798,1,0.19313131313131313,0,0.1890909090909091
SBM,150,2,2,0.25718120805369127,2,0.26022371364653246,0,0.25914988814317674
SBM,150,3,0,0.22854586129753915,0,0.2247874720357942,0,0.2287248322147651
SBM,150,5,0,0.21190156599552573,0,0.21208053691275167,0,0.21297539149888142
SBM,50,2,15,0.21061224489795918,0,0.19755102040816327,0,0.20244897959183675
SBM,50,3,11,0.15602836879432624,1,0.1773049645390071,0,0.19680851063829788
SBM,50,5,2,0.15346938775510205,1,0.16163265306122448,0,0.15020408163265306
SBM,100,2,0,0.2404040404040404,0,0.24606060606060606,0,0.24444444444444444
SBM,100,3,0,0.21232735518449805,0,0.22428365285508142,0,0.23088023088023088
SBM,100,5,4,0.19515151515151516,0,0.1907070707070707,0,0.1919191919191919
SBM,150,2,0,0.26308724832214764,3,0.26022371364653246,0,0.2564653243847875
SBM,150,3,0,0.2276510067114094,5,0.22675615212527964,0,0.2643400447427293
SBM,150,5,0,0.21762863534675614,4,0.21387024608501118,0,0.21046979865771812
SBM,50,2,2,0.20244897959183675,0,0.19755102040816327,0,0.19918367346938776
SBM,50,3,7,0.1702127659574468,0,0.19326241134751773,0,0.20567375886524822
SBM,50,5,0,0.13551020408163264,1,0.13714285714285715,0,0.1306122448979592
SBM,100,2,0,0.24404040404040403,0,0.2404040404040404,0,0.2412121212121212
SBM,100,3,4,0.2333539476396619,2,0.21397649969078542,0,0.23046794475365903
SBM,100,5,1,0.19151515151515153,1,0.19515151515151516,0,0.18787878787878787
SBM,150,2,0,0.2632662192393736,0,0.2632662192393736,0,0.26308724832214764
SBM,150,3,0,0.22156599552572706,1,0.24626398210290829,0,0.22210290827740492
SBM,150,5,1,0.21422818791946308,1,0.21727069351230424,0,0.21619686800894855
SBM,50,2,9,0.1910204081632653,0,0.19918367346938776,0,0.2089795918367347
SBM,50,3,0,0.17907801418439717,2,0.19148936170212766,0,0.17553191489361702
SBM,50,5,1,0.16,1,0.15346938775510205,0,0.156734693877551
SBM,100,2,2,0.24606060606060606,0,0.2496969696969697,0,0.24404040404040403
SBM,100,3,1,0.22510822510822512,0,0.21438878581735724,0,0.22057307771593485
SBM,100,5,0,0.19434343434343435,5,0.20242424242424242,0,0.19838383838383838
SBM,150,2,0,0.2629082774049217,6,0.2657718120805369,0,0.2632662192393736
SBM,150,3,0,0.25413870246085013,0,0.22389261744966443,0,0.250917225950783
SBM,150,5,0,0.21118568232662194,1,0.2153020134228188,0,0.2167337807606264
SBM,50,2,0,0.19918367346938776,0,0.20081632653061224,0,0.19428571428571428
SBM,50,3,0,0.19148936170212766,2,0.19858156028368795,0,0.19326241134751773
SBM,50,5,1,0.15836734693877552,3,0.15510204081632653,0,0.16163265306122448
SBM,100,2,3,0.23474747474747476,3,0.23959595959595958,0,0.23272727272727273
SBM,100,3,0,0.20820449391877963,1,0.2453102453102453,0,0.2209853638425067
SBM,100,5,2,0.18303030303030304,1,0.18626262626262627,0,0.18343434343434342
SBM,150,2,0,0.2636241610738255,0,0.2611185682326622,0,0.2607606263982103
SBM,150,3,3,0.22675615212527964,0,0.254496644295302,0,0.22604026845637584
SBM,150,5,2,0.20241610738255034,3,0.20903803131991053,0,0.21154362416107383
SBM,50,2,7,0.19591836734693877,25,0.16,0,0.25142857142857145
SBM,50,3,2,0.21631205673758866,1,0.21808510638297873,0,0.18439716312056736
SBM,50,5,1,0.14857142857142858,1,0.15183673469387754,0,0.15020408163265306
SBM,100,2,0,0.23717171717171717,0,0.24161616161616162,0,0.2383838383838384
SBM,100,3,0,0.23953823953823955,2,0.2106782106782107,0,0.2341785198928056
SBM,100,5,1,0.2016161616161616,1,0.20363636363636364,0,0.2096969696969697
SBM,150,2,0,0.2650559284116331,0,0.2620134228187919,0,0.2672035794183445
SBM,150,3,1,0.22228187919463088,0,0.22210290827740492,0,0.22854586129753915
SBM,150,5,4,0.1988366890380313,0,0.20671140939597316,0,0.21100671140939598
SBM,50,2,1,0.21877551020408162,5,0.1926530612244898,0,0.21714285714285714
SBM,50,3,1,0.20390070921985815,3,0.19680851063829788,0,0.20390070921985815
SBM,50,5,0,0.156734693877551,1,0.15183673469387754,0,0.16163265306122448
SBM,100,2,4,0.24282828282828284,0,0.24646464646464647,0,0.24161616161616162
SBM,100,3,3,0.2209853638425067,0,0.24118738404452691,0,0.21645021645021645
SBM,100,5,0,0.20282828282828283,0,0.1991919191919192,0,0.20363636363636364
SBM,150,2,2,0.2670246085011186,1,0.2632662192393736,0,0.26058165548098433
SBM,150,3,1,0.22371364653243847,1,0.22568232662192395,0,0.22425055928411633
SBM,150,5,1,0.2174496644295302,1,0.2160178970917226,0,0.21870246085011186
SBM,50,2,4,0.23183673469387756,25,0.18775510204081633,0,0.22857142857142856
SBM,50,3,14,0.1595744680851064,3,0.17553191489361702,0,0.19858156028368795
SBM,50,5,1,0.1730612244897959,2,0.17795918367346938,0,0.17795918367346938
SBM,100,2,0,0.24404040404040403,5,0.2408080808080808,0,0.2476767676767677
SBM,100,3,1,0.2222222222222222,1,0.2189239332096475,0,0.2160379303236446
SBM,100,5,1,0.20323232323232324,0,0.20282828282828283,0,0.1991919191919192
SBM,150,2,0,0.2589709172259508,5,0.2632662192393736,0,0.26058165548098433
SBM,150,3,0,0.21011185682326622,2,0.21136465324384787,0,0.21136465324384787
SBM,150,5,0,0.21422818791946308,0,0.21888143176733782,0,0.2127964205816555
SBM,50,2,1,0.21387755102040817,0,0.21551020408163266,0,0.21387755102040817
SBM,50,3,1,0.21099290780141844,2,0.18085106382978725,0,0.19680851063829788
SBM,50,5,8,0.15836734693877552,1,0.16326530612244897,0,0.16326530612244897
SBM,100,2,0,0.24242424242424243,4,0.25414141414141417,0,0.24404040404040403
SBM,100,3,1,0.21933621933621933,1,0.25190682333539477,0,0.22634508348794063
SBM,100,5,0,0.20727272727272728,2,0.19595959595959597,0,0.19555555555555557
SBM,150,2,0,0.2614765100671141,0,0.2611185682326622,0,0.26380313199105143
SBM,150,3,0,0.2301565995525727,0,0.23373601789709172,0,0.232662192393736
SBM,150,5,0,0.20706935123042505,1,0.21977628635346755,0,0.2206711409395973
SBM,50,2,0,0.2073469387755102,0,0.2057142857142857,0,0.2057142857142857
SBM,50,3,0,0.1950354609929078,4,0.18439716312056736,0,0.1879432624113475
SBM,50,5,1,0.16653061224489796,1,0.17142857142857143,0,0.1763265306122449
SBM,100,2,3,0.2412121212121212,6,0.24323232323232324,0,0.24242424242424243
SBM,100,3,1,0.2057307771593486,1,0.23541537827252113,0,0.209853638425067
SBM,100,5,0,0.18868686868686868,6,0.19313131313131313,0,0.19636363636363635
SBM,150,2,0,0.2688143176733781,0,0.2677404921700224,0,0.26738255033557046
SBM,150,3,6,0.23373601789709172,0,0.22156599552572706,0,0.2199552572706935
SBM,150,5,2,0.21333333333333335,0,0.21548098434004473,0,0.20689038031319912
SBM,50,2,0,0.2089795918367347,0,0.25795918367346937,0,0.2057142857142857
SBM,50,3,0,0.18617021276595744,0,0.18262411347517732,0,0.19148936170212766
SBM,50,5,4,0.13387755102040816,0,0.15020408163265306,0,0.14530612244897959
SBM,100,2,0,0.24727272727272728,1,0.24363636363636362,0,0.24686868686868688
SBM,100,3,0,0.20820449391877963,1,0.2077922077922078,0,0.21521335807050093
SBM,100,5,1,0.19313131313131313,2,0.1907070707070707,0,0.19474747474747475
SBM,150,2,6,0.2620134228187919,0,0.2612975391498881,0,0.2611185682326622
SBM,150,3,0,0.22621923937360178,1,0.22389261744966443,0,0.22747203579418346
SBM,150,5,1,0.21619686800894855,1,0.21404921700223714,0,0.2149440715883669
SBM,50,2,0,0.19918367346938776,3,0.19591836734693877,0,0.19428571428571428
SBM,50,3,5,0.18617021276595744,6,0.18617021276595744,0,0.19680851063829788
SBM,50,5,3,0.16,0,0.1436734693877551,0,0.16326530612244897
SBM,100,2,0,0.24565656565656566,0,0.24242424242424243,0,0.24242424242424243
SBM,100,3,0,0.20944135229849514,3,0.23788909503195219,0,0.2057307771593486
SBM,100,5,4,0.1923232323232323,0,0.19676767676767676,0,0.1890909090909091
SBM,150,2,3,0.2621923937360179,0,0.2625503355704698,0,0.2670246085011186
SBM,150,3,0,0.22550335570469798,1,0.2269351230425056,0,0.22425055928411633
SBM,150,5,1,0.21440715883668904,0,0.21548098434004473,0,0.20814317673378077
SBM,50,2,0,0.24,1,0.23346938775510204,0,0.21224489795918366
SBM,50,3,0,0.18617021276595744,0,0.1879432624113475,0,0.18085106382978725
SBM,50,5,1,0.16163265306122448,0,0.15183673469387754,0,0.15510204081632653
SBM,100,2,0,0.2383838383838384,0,0.2408080808080808,0,0.23797979797979799
SBM,100,3,0,0.21974850546279118,0,0.23665223665223664,0,0.21645021645021645
SBM,100,5,1,0.20646464646464646,0,0.20565656565656565,0,0.20404040404040405
SBM,150,2,0,0.2664876957494407,6,0.26344519015659956,0,0.26988814317673376
SBM,150,3,2,0.22317673378076064,1,0.24519015659955257,0,0.22174496644295302
SBM,150,5,1,0.20993288590604026,1,0.20635346756152126,0,0.2086800894854586
SBM,50,2,18,0.1910204081632653,0,0.2089795918367347,0,0.20081632653061224
SBM,50,3,0,0.1950354609929078,2,0.18439716312056736,0,0.19858156028368795
SBM,50,5,0,0.14857142857142858,1,0.15346938775510205,0,0.15510204081632653
SBM,100,2,0,0.2391919191919192,0,0.24242424242424243,0,0.23636363636363636
SBM,100,3,0,0.2069676355390641,0,0.2180993609565038,0,0.21562564419707278
SBM,100,5,5,0.19797979797979798,0,0.2016161616161616,0,0.1874747474747475
SBM,150,2,4,0.2612975391498881,0,0.2557494407158837,0,0.2570022371364653
SBM,150,3,5,0.21941834451901565,0,0.22532438478747205,0,0.22460850111856823
SBM,150,5,2,0.22335570469798657,0,0.22156599552572706,0,0.22174496644295302
SBM,50,2,2,0.22693877551020408,6,0.2089795918367347,0,0.22693877551020408
SBM,50,3,4,0.20035460992907803,2,0.20035460992907803,0,0.1879432624113475
SBM,50,5,0,0.18448979591836734,1,0.1730612244897959,0,0.17469387755102042
SBM,100,2,0,0.23515151515151514,17,0.2319191919191919,0,0.23595959595959595
SBM,100,3,6,0.2168625025767883,0,0.21933621933621933,0,0.24118738404452691
SBM,100,5,1,0.19636363636363635,0,0.19111111111111112,0,0.1903030303030303
SBM,150,2,0,0.258255033557047,0,0.25718120805369127,0,0.2614765100671141
SBM,150,3,0,0.22299776286353468,0,0.21941834451901565,0,0.2527069351230425
SBM,150,5,2,0.2195973154362416,0,0.22532438478747205,0,0.22120805369127516
SBM,50,2,0,0.24,0,0.2057142857142857,0,0.20408163265306123
SBM,50,3,3,0.20921985815602837,0,0.2074468085106383,0,0.2127659574468085
SBM,50,5,3,0.17795918367346938,0,0.18448979591836734,0,0.18285714285714286
SBM,100,2,0,0.24484848484848484,20,0.24,0,0.24363636363636362
SBM,100,3,0,0.2077922077922078,7,0.19954648526077098,0,0.2222222222222222
SBM,100,5,1,0.1995959595959596,2,0.19434343434343435,0,0.19757575757575757
SBM,150,2,0,0.26809843400447425,3,0.2646979865771812,0,0.2620134228187919
SBM,150,3,2,0.22604026845637584,4,0.22997762863534676,0,0.22711409395973153
SBM,150,5,0,0.20975391498881432,0,0.21440715883668904,0,0.21190156599552573
SBM,50,2,0,0.25795918367346937,0,0.2089795918367347,0,0.2546938775510204
SBM,50,3,0,0.18085106382978725,1,0.15602836879432624,0,0.17907801418439717
SBM,50,5,0,0.16816326530612244,0,0.16163265306122448,0,0.15510204081632653
SBM,100,2,1,0.24444444444444444,0,0.24161616161616162,0,0.24565656565656566
SBM,100,3,2,0.23953823953823955,2,0.23459080601937746,0,0.24118738404452691
SBM,100,5,0,0.1874747474747475,0,0.2012121212121212,0,0.19797979797979798
SBM,150,2,0,0.26487695749440715,0,0.26630872483221474,0,0.26380313199105143
SBM,150,3,2,0.22407158836689037,1,0.23498881431767338,0,0.2265771812080537
SBM,150,5,3,0.21208053691275167,1,0.21082774049217,0,0.21369127516778524
SBM,50,2,5,0.1893877551020408,3,0.1893877551020408,0,0.2057142857142857
SBM,50,3,1,0.1879432624113475,1,0.19326241134751773,0,0.19148936170212766
SBM,50,5,2,0.156734693877551,8,0.16,0,0.16326530612244897
SBM,100,2,0,0.24202020202020202,0,0.24444444444444444,0,0.24363636363636362
SBM,100,3,2,0.1987219130076273,5,0.19542362399505256,0,0.2007833436404865
SBM,100,5,7,0.19676767676767676,1,0.19757575757575757,0,0.2008080808080808
SBM,150,2,2,0.26237136465324384,1,0.26559284116331094,0,0.26165548098434005
SBM,150,3,1,0.22407158836689037,1,0.22568232662192395,0,0.23069351230425056
SBM,150,5,4,0.21512304250559283,0,0.21351230425055928,0,0.21798657718120806
SBM,50,2,1,0.2416326530612245,0,0.20244897959183675,0,0.21714285714285714
SBM,50,3,2,0.17375886524822695,0,0.2074468085106383,0,0.20035460992907803
SBM,50,5,13,0.13877551020408163,2,0.13877551020408163,0,0.1436734693877551
SBM,100,2,0,0.24363636363636362,5,0.2408080808080808,0,0.2408080808080808
SBM,100,3,1,0.23500309214594928,0,0.24242424242424243,0,0.21480107194392908
SBM,100,5,0,0.1995959595959596,1,0.1894949494949495,0,0.1919191919191919
SBM,150,2,0,0.2682774049217002,1,0.2682774049217002,0,0.2720357941834452
SBM,150,3,4,0.2265771812080537,0,0.2276510067114094,0,0.22299776286353468
SBM,150,5,2,0.21100671140939598,4,0.20241610738255034,0,0.21029082774049218
SBM,50,2,2,0.21224489795918366,0,0.21061224489795918,0,0.21061224489795918
SBM,50,3,6,0.20390070921985815,3,0.20035460992907803,0,0.21453900709219859
SBM,50,5,3,0.15346938775510205,0,0.14857142857142858,0,0.14530612244897959
SBM,100,2,4,0.24484848484848484,4,0.24606060606060606,0,0.2496969696969697
SBM,100,3,2,0.19954648526077098,0,0.20655534941249226,0,0.23747680890538034
SBM,100,5,2,0.19676767676767676,2,0.1987878787878788,0,0.19434343434343435
SBM,150,2,0,0.258255033557047,0,0.2589709172259508,0,0.2614765100671141
SBM,150,3,8,0.21637583892617449,0,0.25539149888143176,0,0.22782997762863536
SBM,150,5,1,0.21297539149888142,1,0.2160178970917226,0,0.21190156599552573
SBM,50,2,9,0.20244897959183675,2,0.21224489795918366,0,0.21224489795918366
SBM,50,3,1,0.20212765957446807,0,0.20212765957446807,0,0.21453900709219859
SBM,50,5,1,0.16163265306122448,0,0.16489795918367348,0,0.16
SBM,100,2,0,0.23717171717171717,0,0.23757575757575758,0,0.23595959595959595
SBM,100,3,2,0.22139764996907854,1,0.23747680890538034,0,0.2077922077922078
SBM,100,5,2,0.1890909090909091,1,0.18424242424242424,0,0.1898989898989899
SBM,150,2,0,0.2621923937360179,0,0.2600447427293065,0,0.25914988814317674
SBM,150,3,0,0.22621923937360178,0,0.229082774049217,0,0.22496644295302012
SBM,150,5,7,0.21100671140939598,1,0.21941834451901565,0,0.2174496644295302
SBM,50,2,9,0.20408163265306123,0,0.20081632653061224,0,0.2057142857142857
SBM,50,3,0,0.18439716312056736,0,0.18085106382978725,0,0.18617021276595744
SBM,50,5,1,0.13551020408163264,1,0.1404081632653061,0,0.13714285714285715
SBM,100,2,2,0.24525252525252525,0,0.25212121212121213,0,0.24565656565656566
SBM,100,3,3,0.21026592455163884,0,0.20902906617192332,0,0.21933621933621933
SBM,100,5,2,0.20040404040404042,1,0.20242424242424242,0,0.20202020202020202
SBM,150,2,2,0.2557494407158837,2,0.25789709172259506,0,0.2589709172259508
SBM,150,3,5,0.2247874720357942,1,0.22371364653243847,0,0.22586129753914988
SBM,150,5,1,0.21691275167785234,1,0.21261744966442953,0,0.21064876957494408
SBM,50,2,0,0.22693877551020408,25,0.16163265306122448,0,0.22693877551020408
SBM,50,3,1,0.17907801418439717,0,0.19680851063829788,0,0.18439716312056736
SBM,50,5,1,0.156734693877551,0,0.16653061224489796,0,0.15183673469387754
SBM,100,2,0,0.2404040404040404,0,0.24404040404040403,0,0.2412121212121212
SBM,100,3,0,0.23665223665223664,0,0.20449391877963308,0,0.20737992166563596
SBM,100,5,1,0.1991919191919192,1,0.2,0,0.19313131313131313
SBM,150,2,0,0.26380313199105143,0,0.2629082774049217,0,0.2636241610738255
SBM,150,3,0,0.2287248322147651,0,0.22890380313199105,0,0.2505592841163311
SBM,150,5,0,0.2170917225950783,0,0.21834451901565996,0,0.2206711409395973
SBM,50,2,2,0.2073469387755102,2,0.2057142857142857,0,0.2089795918367347
SBM,50,3,2,0.19326241134751773,2,0.20567375886524822,0,0.20035460992907803
SBM,50,5,16,0.15020408163265306,2,0.17142857142857143,0,0.156734693877551
SBM,100,2,2,0.24242424242424243,3,0.24444444444444444,0,0.24646464646464647
SBM,100,3,18,0.2069676355390641,0,0.23788909503195219,0,0.22469593898165327
SBM,100,5,3,0.19393939393939394,2,0.19595959595959597,0,0.19515151515151516
SBM,150,2,0,0.26559284116331094,5,0.261834451901566,0,0.2639821029082774
SBM,150,3,0,0.2206711409395973,0,0.26308724832214764,0,0.22210290827740492
SBM,150,5,4,0.2033109619686801,0,0.21583892617449665,0,0.21548098434004473
SBM,50,2,1,0.21714285714285714,25,0.16653061224489796,0,0.2073469387755102
SBM,50,3,0,0.19858156028368795,0,0.19858156028368795,0,0.18439716312056736
SBM,50,5,4,0.16326530612244897,1,0.15183673469387754,0,0.17142857142857143
SBM,100,2,0,0.2412121212121212,0,0.24,0,0.24484848484848484
SBM,100,3,3,0.21273964131106987,0,0.2481962481962482,0,0.2222222222222222
SBM,100,5,0,0.19636363636363635,2,0.19434343434343435,0,0.19434343434343435
SBM,150,2,0,0.26791946308724834,4,0.268993288590604,0,0.2713199105145414
SBM,150,3,0,0.22532438478747205,0,0.2272930648769575,0,0.22407158836689037
SBM,150,5,1,0.21154362416107383,1,0.2170917225950783,0,0.21082774049217
SBM,50,2,0,0.2057142857142857,0,0.19428571428571428,0,0.2089795918367347
SBM,50,3,0,0.1773049645390071,0,0.17375886524822695,0,0.21099290780141844
SBM,50,5,0,0.15510204081632653,2,0.16653061224489796,0,0.16326530612244897
SBM,100,2,3,0.2404040404040404,1,0.29858585858585857,0,0.24161616161616162
SBM,100,3,1,0.22964337250051536,0,0.2160379303236446,0,0.21645021645021645
SBM,100,5,3,0.19636363636363635,0,0.1874747474747475,0,0.19636363636363635
SBM,150,2,5,0.2596868008948546,0,0.2593288590604027,0,0.2607606263982103
SBM,150,3,1,0.22192393736017896,0,0.23140939597315435,0,0.22604026845637584
SBM,150,5,0,0.20563758389261744,2,0.20689038031319912,0,0.21136465324384787
SBM,50,2,0,0.19591836734693877,5,0.1926530612244898,0,0.2563265306122449
SBM,50,3,1,0.20567375886524822,1,0.19326241134751773,0,0.18971631205673758
SBM,50,5,2,0.15183673469387754,11,0.15346938775510205,0,0.15836734693877552
SBM,100,2,0,0.23353535353535354,2,0.2319191919191919,0,0.23676767676767677
SBM,100,3,21,0.20202020202020202,5,0.19913419913419914,0,0.2028447742733457
SBM,100,5,3,0.18626262626262627,1,0.19393939393939394,0,0.19636363636363635
SBM,150,2,0,0.2612975391498881,3,0.25986577181208054,0,0.26272930648769577
SBM,150,3,1,0.22049217002237137,0,0.2195973154362416,0,0.2587919463087248
SBM,150,5,2,0.2167337807606264,3,0.21225950782997763,0,0.21029082774049218
SBM,50,2,0,0.2057142857142857,4,0.1893877551020408,0,0.2073469387755102
SBM,50,3,7,0.17907801418439717,3,0.1702127659574468,0,0.1879432624113475
SBM,50,5,4,0.156734693877551,3,0.15510204081632653,0,0.15346938775510205
SBM,100,2,8,0.24484848484848484,1,0.24484848484848484,0,0.24888888888888888
SBM,100,3,3,0.21438878581735724,4,0.20655534941249226,0,0.2230467944753659
SBM,100,5,1,0.18868686868686868,1,0.18868686868686868,0,0.181010101010101
SBM,150,2,0,0.25914988814317674,0,0.2620134228187919,0,0.2612975391498881
SBM,150,3,3,0.23176733780760628,2,0.2632662192393736,0,0.2319463087248322
SBM,150,5,1,0.21011185682326622,0,0.2156599552572707,0,0.2170917225950783
SBM,50,2,0,0.2073469387755102,0,0.2089795918367347,0,0.25142857142857145
SBM,50,3,7,0.16666666666666666,1,0.16134751773049646,0,0.19680851063829788
SBM,50,5,1,0.14857142857142858,1,0.15836734693877552,0,0.15020408163265306
SBM,100,2,0,0.2391919191919192,4,0.24606060606060606,0,0.24525252525252525
SBM,100,3,0,0.18759018759018758,0,0.21974850546279118,0,0.18717790146361574
SBM,100,5,0,0.19595959595959597,2,0.20242424242424242,0,0.20363636363636364
SBM,150,2,0,0.2593288590604027,6,0.2645190156599553,0,0.2664876957494407
SBM,150,3,0,0.2178076062639821,1,0.21655480984340045,0,0.21906040268456375
SBM,150,5,2,0.21619686800894855,0,0.21727069351230424,0,0.21369127516778524
SBM,50,2,0,0.2220408163265306,2,0.2383673469387755,0,0.22040816326530613
SBM,50,3,11,0.1879432624113475,2,0.1950354609929078,0,0.20212765957446807
SBM,50,5,0,0.17469387755102042,1,0.17959183673469387,0,0.16163265306122448
SBM,100,2,0,0.23676767676767677,0,0.2298989898989899,0,0.23676767676767677
SBM,100,3,12,0.2077922077922078,0,0.20737992166563596,0,0.20531849103277675
SBM,100,5,2,0.1894949494949495,1,0.1923232323232323,0,0.181010101010101
SBM,150,2,0,0.2632662192393736,1,0.2646979865771812,0,0.26308724832214764
SBM,150,3,1,0.22550335570469798,8,0.22460850111856823,0,0.22371364653243847
SBM,150,5,4,0.21118568232662194,0,0.218165548098434,0,0.2170917225950783
SBM,50,2,0,0.20408163265306123,10,0.18775510204081633,0,0.19918367346938776
SBM,50,3,0,0.19858156028368795,0,0.1702127659574468,0,0.17553191489361702
SBM,50,5,6,0.15836734693877552,0,0.16653061224489796,0,0.16489795918367348
SBM,100,2,0,0.24848484848484848,3,0.24404040404040403,0,0.24646464646464647
SBM,100,3,1,0.21315192743764172,0,0.23459080601937746,0,0.21438878581735724
SBM,100,5,2,0.19595959595959597,0,0.19393939393939394,0,0.19838383838383838
SBM,150,2,1,0.26040268456375837,0,0.2612975391498881,0,0.26022371364653246
SBM,150,3,0,0.22550335570469798,1,0.23910514541387023,0,0.23123042505592842
SBM,150,5,1,0.21351230425055928,1,0.20313199105145413,0,0.21100671140939598
SBM,50,2,0,0.20408163265306123,0,0.19755102040816327,0,0.19428571428571428
SBM,50,3,0,0.17553191489361702,1,0.16489361702127658,0,0.17553191489361702
SBM,50,5,0,0.15346938775510205,2,0.14204081632653062,0,0.14857142857142858
SBM,100,2,0,0.24323232323232324,4,0.23474747474747476,0,0.24202020202020202
SBM,100,3,5,0.21273964131106987,0,0.2333539476396619,0,0.2230467944753659
SBM,100,5,0,0.19838383838383838,2,0.19434343434343435,0,0.20525252525252524
SBM,150,2,3,0.26344519015659956,0,0.2611185682326622,0,0.26237136465324384
SBM,150,3,4,0.25038031319910514,4,0.229082774049217,0,0.23248322147651007
SBM,150,5,0,0.22192393736017896,0,0.2076062639821029,0,0.21923937360178972
SBM,50,2,1,0.2236734693877551,6,0.2089795918367347,0,0.21224489795918366
SBM,50,3,0,0.19148936170212766,2,0.20390070921985815,0,0.22695035460992907
SBM,50,5,2,0.16,0,0.16489795918367348,0,0.156734693877551
SBM,100,2,2,0.2391919191919192,2,0.23797979797979799,0,0.2387878787878788
SBM,100,3,2,0.2106782106782107,7,0.20737992166563596,0,0.20614306328592044
SBM,100,5,0,0.19151515151515153,7,0.18787878787878787,0,0.19757575757575757
SBM,150,2,0,0.258076062639821,1,0.26022371364653246,0,0.25861297539149886
SBM,150,3,0,0.22425055928411633,9,0.2283668903803132,0,0.23498881431767338
SBM,150,5,0,0.20814317673378077,0,0.21154362416107383,0,0.21798657718120806
SBM,50,2,1,0.2253061224489796,2,0.23510204081632652,0,0.24489795918367346
SBM,50,3,2,0.15602836879432624,0,0.1879432624113475,0,0.18971631205673758
SBM,50,5,1,0.156734693877551,1,0.16,0,0.15020408163265306
SBM,100,2,1,0.24808080808080807,0,0.24646464646464647,0,0.25292929292929295
SBM,100,3,4,0.24159967017109873,0,0.21232735518449805,0,0.20408163265306123
SBM,100,5,0,0.19838383838383838,3,0.19636363636363635,0,0.19393939393939394
SBM,150,2,10,0.25986577181208054,0,0.2589709172259508,0,0.2612975391498881
SBM,150,3,0,0.22961968680089487,1,0.22711409395973153,0,0.23946308724832216
SBM,150,5,1,0.2167337807606264,0,0.2170917225950783,0,0.20689038031319912
SBM,50,2,10,0.21551020408163266,0,0.21714285714285714,0,0.20081632653061224
SBM,50,3,2,0.18262411347517732,3,0.17907801418439717,0,0.20390070921985815
SBM,50,5,0,0.16979591836734695,0,0.16326530612244897,0,0.16653061224489796
SBM,100,2,3,0.23393939393939395,4,0.24404040404040403,0,0.23595959595959595
SBM,100,3,0,0.20861678004535147,0,0.19501133786848074,0,0.20531849103277675
SBM,100,5,3,0.19353535353535353,1,0.19515151515151516,0,0.19434343434343435
SBM,150,2,1,0.26165548098434005,2,0.2575391498881432,0,0.25861297539149886
SBM,150,3,0,0.22621923937360178,0,0.2199552572706935,0,0.22586129753914988
SBM,150,5,0,0.21834451901565996,0,0.21870246085011186,0,0.22228187919463088
SBM,50,2,13,0.21224489795918366,1,0.24326530612244898,0,0.22857142857142856
SBM,50,3,1,0.2198581560283688,2,0.18971631205673758,0,0.18262411347517732
SBM,50,5,7,0.17469387755102042,1,0.16653061224489796,0,0.1763265306122449
SBM,100,2,0,0.23717171717171717,7,0.23434343434343435,0,0.24242424242424243
SBM,100,3,2,0.2057307771593486,0,0.19913419913419914,0,0.20944135229849514
SBM,100,5,0,0.20323232323232324,1,0.20686868686868687,0,0.20444444444444446
SBM,150,2,0,0.2650559284116331,1,0.26058165548098433,0,0.26165548098434005
SBM,150,3,10,0.22299776286353468,2,0.2247874720357942,0,0.22228187919463088
SBM,150,5,1,0.20903803131991053,2,0.2124384787472036,0,0.21655480984340045
SBM,50,2,4,0.19591836734693877,0,0.2073469387755102,0,0.20244897959183675
SBM,50,3,0,0.17198581560283688,0,0.20390070921985815,0,0.17907801418439717
SBM,50,5,3,0.15836734693877552,3,0.16163265306122448,0,0.16326530612244897
SBM,100,2,0,0.25171717171717173,0,0.24565656565656566,0,0.2513131313131313
SBM,100,3,4,0.23129251700680273,0,0.21232735518449805,0,0.21851164708307566
SBM,100,5,0,0.19515151515151516,4,0.19595959595959597,0,0.19838383838383838
SBM,150,2,0,0.26630872483221474,0,0.26917225950782997,0,0.2643400447427293
SBM,150,3,1,0.24644295302013422,0,0.22532438478747205,0,0.22586129753914988
SBM,150,5,0,0.22013422818791947,2,0.2127964205816555,0,0.2185234899328859
SBM,50,2,4,0.25795918367346937,0,0.2563265306122449,0,0.2253061224489796
SBM,50,3,1,0.19326241134751773,0,0.1773049645390071,0,0.20390070921985815
SBM,50,5,0,0.16326530612244897,4,0.15510204081632653,0,0.16
SBM,100,2,0,0.24404040404040403,0,0.2404040404040404,0,0.24161616161616162
SBM,100,3,2,0.21150278293135436,0,0.2370645227788085,0,0.21851164708307566
SBM,100,5,1,0.19353535353535353,2,0.19676767676767676,0,0.19797979797979798
SBM,150,2,6,0.258076062639821,0,0.2600447427293065,0,0.2596868008948546
SBM,150,3,2,0.22335570469798657,3,0.22890380313199105,0,0.23874720357941834
SBM,150,5,0,0.21208053691275167,1,0.20903803131991053,0,0.20885906040268457
SBM,50,2,0,0.20081632653061224,0,0.19918367346938776,0,0.1926530612244898
SBM,50,3,5,0.18617021276595744,1,0.19680851063829788,0,0.18439716312056736
SBM,50,5,1,0.14857142857142858,0,0.15836734693877552,0,0.16
SBM,100,2,1,0.24686868686868688,0,0.25333333333333335,0,0.25292929292929295
SBM,100,3,0,0.23459080601937746,1,0.2490208204493919,0,0.2160379303236446
SBM,100,5,1,0.2084848484848485,4,0.2080808080808081,0,0.2008080808080808
SBM,150,2,0,0.2595078299776286,2,0.2629082774049217,0,0.26022371364653246
SBM,150,3,7,0.24447427293064877,2,0.22389261744966443,0,0.22102908277404923
SBM,150,5,1,0.21100671140939598,0,0.2178076062639821,0,0.2160178970917226
SBM,50,2,4,0.1926530612244898,0,0.20244897959183675,0,0.23183673469387756
SBM,50,3,0,0.19326241134751773,4,0.18971631205673758,0,0.19680851063829788
SBM,50,5,1,0.15020408163265306,1,0.156734693877551,0,0.1469387755102041
SBM,100,2,0,0.24727272727272728,1,0.24404040404040403,0,0.2965656565656566
SBM,100,3,0,0.2069676355390641,49,0.173572459286745,0,0.20408163265306123
SBM,100,5,2,0.18828282828282827,0,0.19555555555555557,0,0.19393939393939394
SBM,150,2,0,0.2600447427293065,0,0.2614765100671141,0,0.25914988814317674
SBM,150,3,5,0.22532438478747205,3,0.22711409395973153,0,0.2301565995525727
SBM,150,5,1,0.21225950782997763,0,0.21440715883668904,0,0.2156599552572707
SBM,50,2,0,0.2073469387755102,24,0.16,0,0.2073469387755102
SBM,50,3,0,0.21099290780141844,1,0.1879432624113475,0,0.20212765957446807
SBM,50,5,0,0.15836734693877552,2,0.16979591836734695,0,0.16653061224489796
SBM,100,2,0,0.24727272727272728,0,0.24686868686868688,0,0.24606060606060606
SBM,100,3,0,0.22469593898165327,0,0.20655534941249226,0,0.2370645227788085
SBM,100,5,2,0.2084848484848485,1,0.2016161616161616,0,0.2084848484848485
SBM,150,2,4,0.2587919463087248,0,0.25789709172259506,0,0.2564653243847875
SBM,150,3,3,0.2287248322147651,0,0.22639821029082774,0,0.21798657718120806
SBM,150,5,7,0.21637583892617449,1,0.2167337807606264,0,0.21619686800894855
SBM,50,2,0,0.22040816326530613,0,0.21387755102040817,0,0.2089795918367347
SBM,50,3,4,0.18085106382978725,12,0.16666666666666666,0,0.21453900709219859
SBM,50,5,1,0.14530612244897959,13,0.1436734693877551,0,0.1469387755102041
SBM,100,2,5,0.24848484848484848,0,0.24565656565656566,0,0.24888888888888888
SBM,100,3,4,0.21727478870336014,1,0.24036281179138322,0,0.22016079158936303
SBM,100,5,1,0.19111111111111112,1,0.19636363636363635,0,0.2012121212121212
SBM,150,2,0,0.261834451901566,0,0.26308724832214764,0,0.2612975391498881
SBM,150,3,1,0.2557494407158837,3,0.22210290827740492,0,0.22425055928411633
SBM,150,5,6,0.21691275167785234,1,0.21548098434004473,0,0.22013422818791947
SBM,50,2,2,0.21224489795918366,1,0.23020408163265307,0,0.22040816326530613
SBM,50,3,1,0.19858156028368795,0,0.20035460992907803,0,0.19858156028368795
SBM,50,5,5,0.16163265306122448,0,0.16653061224489796,0,0.17469387755102042
SBM,100,2,0,0.25333333333333335,1,0.24888888888888888,0,0.2476767676767677
SBM,100,3,0,0.21356421356421357,2,0.22016079158936303,0,0.2069676355390641
SBM,100,5,1,0.20404040404040405,2,0.2016161616161616,0,0.20282828282828283
SBM,150,2,0,0.258255033557047,2,0.25664429530201344,0,0.2575391498881432
SBM,150,3,1,0.22639821029082774,0,0.22639821029082774,0,0.24536912751677853
SBM,150,5,4,0.21422818791946308,0,0.21082774049217,0,0.21619686800894855
SBM,50,2,9,0.21061224489795918,4,0.2057142857142857,0,0.21224489795918366
SBM,50,3,3,0.16843971631205673,3,0.18971631205673758,0,0.18971631205673758
SBM,50,5,0,0.16,1,0.16489795918367348,0,0.15510204081632653
SBM,100,2,0,0.2412121212121212,4,0.2383838383838384,0,0.24363636363636362
SBM,100,3,4,0.22510822510822512,0,0.20861678004535147,0,0.21026592455163884
SBM,100,5,0,0.19676767676767676,0,0.1991919191919192,0,0.19434343434343435
SBM,150,2,3,0.26093959731543626,5,0.2620134228187919,0,0.26416107382550336
SBM,150,3,0,0.22156599552572706,13,0.2203131991051454,0,0.2206711409395973
SBM,150,5,0,0.21762863534675614,0,0.22192393736017896,0,0.21798657718120806
SBM,50,2,1,0.23510204081632652,1,0.20081632653061224,0,0.20081632653061224
SBM,50,3,2,0.2127659574468085,0,0.2127659574468085,0,0.20921985815602837
SBM,50,5,1,0.16163265306122448,1,0.15836734693877552,0,0.17142857142857143
SBM,100,2,0,0.2391919191919192,0,0.24161616161616162,0,0.2404040404040404
SBM,100,3,0,0.2300556586270872,2,0.22634508348794063,0,0.2209853638425067
SBM,100,5,4,0.19636363636363635,2,0.19757575757575757,0,0.19757575757575757
SBM,150,2,0,0.25861297539149886,1,0.26237136465324384,0,0.26058165548098433
SBM,150,3,0,0.22299776286353468,5,0.22246085011185682,0,0.22496644295302012
SBM,150,5,0,0.2170917225950783,1,0.21387024608501118,0,0.21870246085011186
SBM,50,2,0,0.21714285714285714,2,0.21551020408163266,0,0.22693877551020408
SBM,50,3,2,0.19148936170212766,2,0.17553191489361702,0,0.19326241134751773
SBM,50,5,3,0.14530612244897959,2,0.16163265306122448,0,0.16
SBM,100,2,0,0.24242424242424243,0,0.2404040404040404,0,0.2404040404040404
SBM,100,3,0,0.20820449391877963,0,0.21232735518449805,0,0.2259327973613688
SBM,100,5,0,0.2,5,0.19434343434343435,0,0.20242424242424242
SBM,150,2,0,0.2652348993288591,2,0.26630872483221474,0,0.261834451901566
SBM,150,3,2,0.22371364653243847,0,0.2319463087248322,0,0.22550335570469798
SBM,150,5,0,0.2061744966442953,1,0.20975391498881432,0,0.2124384787472036
SBM,50,2,0,0.20408163265306123,0,0.22857142857142856,0,0.20081632653061224
SBM,50,3,1,0.19680851063829788,4,0.19148936170212766,0,0.19680851063829788
SBM,50,5,3,0.14530612244897959,2,0.1436734693877551,0,0.15020408163265306
SBM,100,2,0,0.2492929292929293,0,0.2404040404040404,0,0.24686868686868688
SBM,100,3,0,0.20325706039991753,0,0.2271696557410843,0,0.20119562976705835
SBM,100,5,2,0.19353535353535353,1,0.2012121212121212,0,0.1923232323232323
SBM,150,2,0,0.2621923937360179,2,0.26541387024608504,0,0.26666666666666666
SBM,150,3,0,0.22371364653243847,0,0.22818791946308725,0,0.2323042505592841
SBM,150,5,1,0.21476510067114093,2,0.2160178970917226,0,0.21154362416107383
SBM,50,2,0,0.21061224489795918,4,0.20408163265306123,0,0.21551020408163266
SBM,50,3,1,0.18085106382978725,2,0.18262411347517732,0,0.18262411347517732
SBM,50,5,5,0.15183673469387754,4,0.15510204081632653,0,0.1469387755102041
SBM,100,2,0,0.2298989898989899,0,0.2298989898989899,0,0.23434343434343435
SBM,100,3,0,0.2069676355390641,5,0.21026592455163884,0,0.20449391877963308
SBM,100,5,0,0.20242424242424242,0,0.20363636363636364,0,0.20606060606060606
SBM,150,2,1,0.26988814317673376,0,0.2657718120805369,0,0.2657718120805369
SBM,150,3,11,0.22496644295302012,1,0.22604026845637584,0,0.22281879194630871
SBM,150,5,1,0.21727069351230424,1,0.21297539149888142,0,0.2170917225950783
SBM,50,2,0,0.21224489795918366,0,0.2253061224489796,0,0.2563265306122449
SBM,50,3,0,0.20035460992907803,0,0.20921985815602837,0,0.21099290780141844
SBM,50,5,0,0.16489795918367348,3,0.15510204081632653,0,0.16
SBM,100,2,0,0.2387878787878788,0,0.24161616161616162,0,0.24202020202020202
SBM,100,3,0,0.23046794475365903,0,0.238301381158524,0,0.22387136672850957
SBM,100,5,1,0.20363636363636364,7,0.19353535353535353,0,0.20282828282828283
SBM,150,2,0,0.2611185682326622,0,0.2587919463087248,0,0.261834451901566
SBM,150,3,2,0.23516778523489934,0,0.23087248322147652,0,0.23552572706935124
SBM,150,5,0,0.2058165548098434,0,0.2029530201342282,0,0.20098434004474272
SBM,50,2,0,0.19755102040816327,10,0.19918367346938776,0,0.20244897959183675
SBM,50,3,1,0.19680851063829788,0,0.18617021276595744,0,0.19326241134751773
SBM,50,5,2,0.16,0,0.16326530612244897,0,0.16489795918367348
SBM,100,2,0,0.25373737373737376,0,0.2577777777777778,0,0.296969696969697
SBM,100,3,0,0.23500309214594928,5,0.2218099360956504,0,0.2180993609565038
SBM,100,5,0,0.19111111111111112,6,0.1874747474747475,0,0.18505050505050505
SBM,150,2,0,0.25736017897091723,0,0.2587919463087248,0,0.2629082774049217
SBM,150,3,7,0.22407158836689037,0,0.22604026845637584,0,0.22281879194630871
SBM,150,5,2,0.2153020134228188,0,0.2199552572706935,0,0.21637583892617449
SBM,50,2,0,0.23183673469387756,3,0.23673469387755103,0,0.24979591836734694
SBM,50,3,0,0.16666666666666666,0,0.18971631205673758,0,0.1702127659574468
SBM,50,5,0,0.16163265306122448,1,0.16,0,0.16489795918367348
SBM,100,2,4,0.24282828282828284,3,0.24323232323232324,0,0.24404040404040403
SBM,100,3,2,0.20366934652648938,0,0.20820449391877963,0,0.20614306328592044
SBM,100,5,1,0.2012121212121212,3,0.1991919191919192,0,0.20686868686868687
SBM,150,2,8,0.2709619686800895,3,0.2625503355704698,0,0.26272930648769577
SBM,150,3,9,0.22138702460850113,1,0.21941834451901565,0,0.24125279642058164
SBM,150,5,0,0.2127964205816555,3,0.21154362416107383,0,0.214586129753915
SBM,50,2,0,0.21387755102040817,0,0.2253061224489796,0,0.2253061224489796
SBM,50,3,4,0.18617021276595744,24,0.1276595744680851,0,0.16843971631205673
SBM,50,5,1,0.156734693877551,1,0.1469387755102041,0,0.16489795918367348
SBM,100,2,3,0.2311111111111111,6,0.2294949494949495,0,0.22747474747474747
SBM,100,3,5,0.20737992166563596,1,0.2049062049062049,0,0.20202020202020202
SBM,100,5,4,0.19555555555555557,1,0.19515151515151516,0,0.1991919191919192
SBM,150,2,0,0.26559284116331094,2,0.26612975391498883,0,0.26237136465324384
SBM,150,3,0,0.2269351230425056,3,0.22138702460850113,0,0.22586129753914988
SBM,150,5,1,0.21351230425055928,0,0.21082774049217,0,0.21762863534675614
SBM,50,2,1,0.19591836734693877,0,0.21387755102040817,0,0.19428571428571428
SBM,50,3,1,0.18262411347517732,1,0.19858156028368795,0,0.20212765957446807
SBM,50,5,0,0.15346938775510205,1,0.15510204081632653,0,0.15346938775510205
SBM,100,2,5,0.24202020202020202,0,0.2412121212121212,0,0.24848484848484848
SBM,100,3,20,0.20614306328592044,0,0.21150278293135436,0,0.24283652855081425
SBM,100,5,3,0.19555555555555557,0,0.19474747474747475,0,0.19353535353535353
SBM,150,2,0,0.26344519015659956,0,0.261834451901566,0,0.2645190156599553
SBM,150,3,0,0.2178076062639821,3,0.254496644295302,0,0.2203131991051454
SBM,150,5,2,0.2149440715883669,2,0.21029082774049218,0,0.21225950782997763
SBM,50,2,0,0.2089795918367347,7,0.20408163265306123,0,0.19918367346938776
SBM,50,3,0,0.20567375886524822,3,0.21099290780141844,0,0.21631205673758866
SBM,50,5,0,0.156734693877551,2,0.16653061224489796,0,0.16
SBM,100,2,0,0.24848484848484848,0,0.24323232323232324,0,0.24202020202020202
SBM,100,3,1,0.19830962688105544,1,0.2218099360956504,0,0.20243248814677386
SBM,100,5,0,0.18505050505050505,4,0.19111111111111112,0,0.18505050505050505
SBM,150,2,1,0.2621923937360179,0,0.2587919463087248,0,0.2646979865771812
SBM,150,3,0,0.2670246085011186,12,0.22425055928411633,0,0.22532438478747205
SBM,150,5,4,0.21118568232662194,2,0.2127964205816555,0,0.20975391498881432
SBM,50,2,0,0.2073469387755102,0,0.19428571428571428,0,0.21714285714285714
SBM,50,3,2,0.18085106382978725,0,0.1879432624113475,0,0.1879432624113475
SBM,50,5,0,0.15836734693877552,0,0.16326530612244897,0,0.16816326530612244
SBM,100,2,12,0.2298989898989899,0,0.2408080808080808,0,0.2412121212121212
SBM,100,3,1,0.22016079158936303,0,0.21645021645021645,0,0.2069676355390641
SBM,100,5,4,0.18303030303030304,1,0.18787878787878787,0,0.18828282828282827
SBM,150,2,4,0.25736017897091723,0,0.25664429530201344,0,0.25718120805369127
SBM,150,3,0,0.22568232662192395,8,0.22174496644295302,0,0.22782997762863536
SBM,150,5,2,0.22102908277404923,1,0.22174496644295302,0,0.22013422818791947
SBM,50,2,3,0.23020408163265307,0,0.2220408163265306,0,0.2089795918367347
SBM,50,3,4,0.20212765957446807,0,0.18439716312056736,0,0.21453900709219859
SBM,50,5,0,0.16326530612244897,11,0.15346938775510205,0,0.16653061224489796
SBM,100,2,0,0.2404040404040404,23,0.22828282828282828,0,0.2408080808080808
SBM,100,3,1,0.20861678004535147,2,0.20366934652648938,0,0.2106782106782107
SBM,100,5,1,0.19555555555555557,1,0.1903030303030303,0,0.18545454545454546
SBM,150,2,0,0.26541387024608504,0,0.2643400447427293,0,0.26237136465324384
SBM,150,3,5,0.22156599552572706,2,0.23624161073825503,0,0.23695749440715883
SBM,150,5,0,0.21369127516778524,1,0.2174496644295302,0,0.21870246085011186
SBM,50,2,2,0.21224489795918366,0,0.23183673469387756,0,0.21714285714285714
SBM,50,3,0,0.18617021276595744,1,0.16312056737588654,0,0.1773049645390071
SBM,50,5,1,0.1404081632653061,25,0.10285714285714286,0,0.1469387755102041
SBM,100,2,0,0.23353535353535354,1,0.23757575757575758,0,0.24161616161616162
SBM,100,3,8,0.2218099360956504,1,0.24118738404452691,0,0.19624819624819625
SBM,100,5,2,0.19353535353535353,0,0.1923232323232323,0,0.19272727272727272
SBM,150,2,0,0.258255033557047,0,0.2614765100671141,0,0.25610738255033555
SBM,150,3,1,0.25467561521252796,5,0.21136465324384787,0,0.21154362416107383
SBM,150,5,2,0.21440715883668904,1,0.2127964205816555,0,0.20778523489932885
SBM,50,2,0,0.21877551020408162,25,0.16489795918367348,0,0.20244897959183675
SBM,50,3,1,0.1950354609929078,0,0.1950354609929078,0,0.19858156028368795
SBM,50,5,0,0.1436734693877551,25,0.11591836734693878,0,0.156734693877551
SBM,100,2,3,0.24,0,0.23555555555555555,0,0.2391919191919192
SBM,100,3,2,0.2007833436404865,0,0.22964337250051536,0,0.20408163265306123
SBM,100,5,1,0.19353535353535353,1,0.19313131313131313,0,0.1903030303030303
SBM,150,2,0,0.25986577181208054,7,0.2607606263982103,0,0.25664429530201344
SBM,150,3,0,0.22138702460850113,2,0.2247874720357942,0,0.2537807606263982
SBM,150,5,2,0.21082774049217,1,0.21906040268456375,0,0.22138702460850113
SBM,50,2,0,0.20408163265306123,0,0.20081632653061224,0,0.20244897959183675
SBM,50,3,0,0.19858156028368795,1,0.18262411347517732,0,0.19680851063829788
SBM,50,5,1,0.15183673469387754,2,0.15183673469387754,0,0.15346938775510205
SBM,100,2,0,0.2383838383838384,50,0.19676767676767676,0,0.24484848484848484
SBM,100,3,1,0.2341785198928056,0,0.1987219130076273,0,0.24448567305710162
SBM,100,5,1,0.1919191919191919,3,0.1919191919191919,0,0.1923232323232323
SBM,150,2,6,0.26487695749440715,0,0.2675615212527964,0,0.27114093959731544
SBM,150,3,0,0.2491275167785235,1,0.26541387024608504,0,0.25592841163310964
SBM,150,5,2,0.2029530201342282,1,0.20384787472035795,0,0.20456375838926175
SBM,50,2,1,0.21061224489795918,25,0.15183673469387754,0,0.20244897959183675
SBM,50,3,1,0.20212765957446807,0,0.20921985815602837,0,0.1879432624113475
SBM,50,5,0,0.13714285714285715,2,0.1469387755102041,0,0.15020408163265306
SBM,100,2,3,0.24484848484848484,6,0.24,0,0.23959595959595958
SBM,100,3,2,0.20160791589363017,0,0.22675736961451248,0,0.20119562976705835
SBM,100,5,0,0.19272727272727272,2,0.19111111111111112,0,0.1919191919191919
SBM,150,2,4,0.26040268456375837,0,0.26093959731543626,0,0.26272930648769577
SBM,150,3,0,0.22263982102908278,0,0.250917225950783,0,0.22782997762863536
SBM,150,5,1,0.21333333333333335,1,0.21440715883668904,0,0.2203131991051454
SBM,50,2,6,0.2089795918367347,3,0.21387755102040817,0,0.2220408163265306
SBM,50,3,0,0.1702127659574468,0,0.19148936170212766,0,0.17198581560283688
SBM,50,5,1,0.15183673469387754,7,0.15020408163265306,0,0.16163265306122448
SBM,100,2,0,0.24848484848484848,0,0.24565656565656566,0,0.24444444444444444
SBM,100,3,0,0.21933621933621933,0,0.21933621933621933,0,0.2160379303236446
SBM,100,5,0,0.20040404040404042,12,0.20040404040404042,0,0.2012121212121212
SBM,150,2,2,0.26487695749440715,0,0.2682774049217002,0,0.2643400447427293
SBM,150,3,0,0.22782997762863536,0,0.2323042505592841,0,0.229082774049217
SBM,150,5,2,0.21798657718120806,3,0.2178076062639821,0,0.22049217002237137
SBM,50,2,0,0.21387755102040817,0,0.25795918367346937,0,0.26285714285714284
SBM,50,3,2,0.17907801418439717,4,0.1773049645390071,0,0.17907801418439717
SBM,50,5,1,0.16326530612244897,1,0.16163265306122448,0,0.1469387755102041
SBM,100,2,7,0.24363636363636362,0,0.24363636363636362,0,0.24363636363636362
SBM,100,3,1,0.21562564419707278,4,0.21933621933621933,0,0.23046794475365903
SBM,100,5,1,0.2016161616161616,1,0.1995959595959596,0,0.20040404040404042
SBM,150,2,3,0.2632662192393736,0,0.2612975391498881,0,0.2646979865771812
SBM,150,3,2,0.22228187919463088,0,0.25181208053691273,0,0.22371364653243847
SBM,150,5,0,0.21583892617449665,0,0.21315436241610738,0,0.2195973154362416
SBM,50,2,2,0.22693877551020408,6,0.21877551020408162,0,0.2236734693877551
SBM,50,3,0,0.16666666666666666,0,0.17553191489361702,0,0.18617021276595744
SBM,50,5,0,0.14530612244897959,1,0.15020408163265306,0,0.14204081632653062
SBM,100,2,3,0.2387878787878788,0,0.23676767676767677,0,0.24444444444444444
SBM,100,3,0,0.2049062049062049,0,0.20861678004535147,0,0.2106782106782107
SBM,100,5,2,0.19595959595959597,14,0.1781818181818182,0,0.18545454545454546
SBM,150,2,0,0.2646979865771812,0,0.26559284116331094,0,0.2677404921700224
SBM,150,3,0,0.22353467561521254,1,0.23158836689038031,0,0.22997762863534676
SBM,150,5,0,0.2156599552572707,2,0.21404921700223714,0,0.21906040268456375
SBM,50,2,0,0.1926530612244898,0,0.2057142857142857,0,0.20081632653061224
SBM,50,3,2,0.19858156028368795,13,0.1595744680851064,0,0.17198581560283688
SBM,50,5,6,0.16,3,0.16816326530612244,0,0.1763265306122449
SBM,100,2,1,0.24525252525252525,1,0.24686868686868688,0,0.24242424242424243
SBM,100,3,0,0.21562564419707278,2,0.20861678004535147,0,0.21315192743764172
SBM,100,5,1,0.19555555555555557,3,0.1987878787878788,0,0.19515151515151516
SBM,150,2,0,0.258076062639821,5,0.26022371364653246,0,0.26058165548098433
SBM,150,3,1,0.22711409395973153,2,0.22997762863534676,0,0.22496644295302012
SBM,150,5,0,0.2178076062639821,0,0.21440715883668904,0,0.21655480984340045
SBM,50,2,0,0.2546938775510204,0,0.21387755102040817,0,0.21061224489795918
SBM,50,3,5,0.16489361702127658,1,0.16666666666666666,0,0.15070921985815602
SBM,50,5,0,0.16816326530612244,2,0.16,0,0.16163265306122448
SBM,100,2,0,0.24686868686868688,0,0.24363636363636362,0,0.24363636363636362
SBM,100,3,6,0.22758194186765615,49,0.1673881673881674,0,0.21727478870336014
SBM,100,5,0,0.20202020202020202,2,0.19838383838383838,0,0.19595959595959597
SBM,150,2,0,0.26970917225950786,4,0.2668456375838926,0,0.26791946308724834
SBM,150,3,1,0.23749440715883668,0,0.2269351230425056,0,0.23176733780760628
SBM,150,5,2,0.21762863534675614,0,0.21440715883668904,0,0.21297539149888142
SBM,50,2,4,0.20408163265306123,0,0.20244897959183675,0,0.21224489795918366
SBM,50,3,1,0.18085106382978725,24,0.14184397163120568,0,0.17375886524822695
SBM,50,5,0,0.15346938775510205,4,0.15510204081632653,0,0.15183673469387754
SBM,100,2,0,0.2383838383838384,0,0.24323232323232324,0,0.24606060606060606
SBM,100,3,0,0.20325706039991753,1,0.20037105751391465,0,0.20737992166563596
SBM,100,5,2,0.1987878787878788,2,0.20282828282828283,0,0.20484848484848484
SBM,150,2,2,0.2587919463087248,0,0.26040268456375837,0,0.2600447427293065
SBM,150,3,2,0.22568232662192395,4,0.2265771812080537,0,0.25789709172259506
SBM,150,5,1,0.21476510067114093,0,0.20814317673378077,0,0.20689038031319912
SBM,50,2,5,0.19918367346938776,12,0.1893877551020408,0,0.1893877551020408
SBM,50,3,2,0.19858156028368795,24,0.12943262411347517,0,0.19326241134751773
SBM,50,5,3,0.16326530612244897,1,0.17959183673469387,0,0.1730612244897959
SBM,100,2,0,0.22787878787878788,3,0.2307070707070707,0,0.23474747474747476
SBM,100,3,1,0.20737992166563596,0,0.22263450834879406,0,0.2119150690579262
SBM,100,5,0,0.19595959595959597,8,0.19757575757575757,0,0.19434343434343435
SBM,150,2,5,0.2639821029082774,2,0.2645190156599553,0,0.26487695749440715
SBM,150,3,1,0.22049217002237137,0,0.22013422818791947,0,0.22120805369127516
SBM,150,5,2,0.21315436241610738,2,0.21387024608501118,0,0.21977628635346755
SBM,50,2,0,0.21061224489795918,3,0.2089795918367347,0,0.23020408163265307
SBM,50,3,0,0.18617021276595744,2,0.1879432624113475,0,0.19148936170212766
SBM,50,5,1,0.15183673469387754,5,0.13224489795918368,0,0.1469387755102041
SBM,100,2,0,0.23676767676767677,1,0.2993939393939394,0,0.23515151515151514
SBM,100,3,1,0.21727478870336014,3,0.22552051123479694,0,0.2321170892599464
SBM,100,5,3,0.1991919191919192,0,0.19636363636363635,0,0.2
SBM,150,2,2,0.2612975391498881,0,0.26272930648769577,0,0.2595078299776286
SBM,150,3,1,0.23105145413870246,1,0.2532438478747204,0,0.22586129753914988
SBM,150,5,0,0.21351230425055928,0,0.21208053691275167,0,0.21637583892617449
SBM,50,2,1,0.1926530612244898,1,0.20081632653061224,0,0.1893877551020408
SBM,50,3,6,0.1879432624113475,0,0.20212765957446807,0,0.20390070921985815
SBM,50,5,1,0.13551020408163264,2,0.1306122448979592,0,0.13551020408163264
SBM,100,2,0,0.24484848484848484,0,0.24444444444444444,0,0.24202020202020202
SBM,100,3,1,0.2028447742733457,1,0.20408163265306123,0,0.20408163265306123
SBM,100,5,0,0.19313131313131313,1,0.19555555555555557,0,0.18181818181818182
SBM,150,2,8,0.26595078299776287,6,0.2639821029082774,0,0.2620134228187919
SBM,150,3,0,0.2265771812080537,0,0.22210290827740492,0,0.22711409395973153
SBM,150,5,0,0.20975391498881432,1,0.20993288590604026,0,0.21440715883668904
SBM,50,2,0,0.22040816326530613,0,0.22040816326530613,0,0.2612244897959184
SBM,50,3,7,0.18617021276595744,0,0.20567375886524822,0,0.2127659574468085
SBM,50,5,1,0.1404081632653061,0,0.13877551020408163,0,0.1404081632653061
SBM,100,2,0,0.23434343434343435,0,0.2391919191919192,0,0.23959595959595958
SBM,100,3,2,0.20655534941249226,0,0.21273964131106987,0,0.2057307771593486
SBM,100,5,0,0.19393939393939394,1,0.18505050505050505,0,0.1923232323232323
SBM,150,2,0,0.2672035794183445,2,0.2657718120805369,0,0.2611185682326622
SBM,150,3,0,0.2305145413870246,0,0.2439373601789709,0,0.23659955257270693
SBM,150,5,2,0.21225950782997763,0,0.2195973154362416,0,0.21834451901565996
SBM,50,2,0,0.20244897959183675,3,0.2073469387755102,0,0.2089795918367347
SBM,50,3,0,0.18617021276595744,0,0.20390070921985815,0,0.1773049645390071
SBM,50,5,1,0.14530612244897959,2,0.15183673469387754,0,0.13714285714285715
SBM,100,2,0,0.2387878787878788,0,0.23676767676767677,0,0.23393939393939395
SBM,100,3,2,0.23747680890538034,1,0.23665223665223664,0,0.21933621933621933
SBM,100,5,1,0.2,2,0.20282828282828283,0,0.20363636363636364
SBM,150,2,0,0.2611185682326622,0,0.2625503355704698,0,0.2621923937360179
SBM,150,3,4,0.21870246085011186,2,0.22210290827740492,0,0.22353467561521254
SBM,150,5,2,0.21118568232662194,0,0.20384787472035795,0,0.218165548098434
SBM,50,2,1,0.23510204081632652,25,0.19755102040816327,0,0.23510204081632652
SBM,50,3,1,0.20212765957446807,1,0.21099290780141844,0,0.18439716312056736
SBM,50,5,1,0.16816326530612244,4,0.15836734693877552,0,0.16489795918367348
SBM,100,2,0,0.23757575757575758,1,0.29535353535353537,0,0.2290909090909091
SBM,100,3,9,0.20366934652648938,0,0.21273964131106987,0,0.20366934652648938
SBM,100,5,6,0.20444444444444446,6,0.19838383838383838,0,0.20242424242424242
SBM,150,2,1,0.25789709172259506,0,0.2587919463087248,0,0.25986577181208054
SBM,150,3,0,0.22281879194630871,3,0.22317673378076064,0,0.22299776286353468
SBM,150,5,1,0.2206711409395973,0,0.22192393736017896,0,0.22281879194630871
SBM,50,2,3,0.2220408163265306,0,0.22040816326530613,0,0.21387755102040817
SBM,50,3,10,0.19148936170212766,7,0.18262411347517732,0,0.19858156028368795
SBM,50,5,1,0.16326530612244897,1,0.156734693877551,0,0.15836734693877552
SBM,100,2,11,0.24323232323232324,0,0.23797979797979799,0,0.24565656565656566
SBM,100,3,0,0.2259327973613688,0,0.2077922077922078,0,0.209853638425067
SBM,100,5,0,0.2012121212121212,0,0.2012121212121212,0,0.2
SBM,150,2,0,0.2587919463087248,0,0.2587919463087248,0,0.2596868008948546
SBM,150,3,1,0.2287248322147651,0,0.232662192393736,0,0.26988814317673376
SBM,150,5,1,0.21798657718120806,1,0.2206711409395973,0,0.21906040268456375
SBM,50,2,21,0.2073469387755102,5,0.19755102040816327,0,0.26448979591836735
SBM,50,3,9,0.1879432624113475,4,0.20567375886524822,0,0.20921985815602837
SBM,50,5,1,0.16489795918367348,1,0.1730612244897959,0,0.17795918367346938
SBM,100,2,0,0.23676767676767677,7,0.24,0,0.2412121212121212
SBM,100,3,7,0.2391259534116677,2,0.21727478870336014,0,0.24159967017109873
SBM,100,5,0,0.1991919191919192,0,0.20404040404040405,0,0.20363636363636364
SBM,150,2,0,0.26344519015659956,0,0.26272930648769577,0,0.26416107382550336
SBM,150,3,2,0.24697986577181208,1,0.24662192393736018,0,0.2247874720357942
SBM,150,5,2,0.21619686800894855,1,0.21798657718120806,0,0.21333333333333335
